Year,Filename,Topic,Paragraph_Length,Theme,Topic Interpretation,Group
2014,doc_AY2014_001_para_0_0.txt,10,187,Operational Readiness and Reserve Mobilization,Army Reserve and Active Component Integration,G1
2014,doc_AY2014_001_para_0_1.txt,1,201,"Strategic Command, Technology, and Multi-Domain Warfare",Unmanned Aerial Systems and Aviation Tech,G2
2014,doc_AY2014_001_para_0_2.txt,1,210,"Strategic Command, Technology, and Multi-Domain Warfare",Unmanned Aerial Systems and Aviation Tech,G2
2014,doc_AY2014_001_para_0_4.txt,1,226,"Strategic Command, Technology, and Multi-Domain Warfare",Unmanned Aerial Systems and Aviation Tech,G2
2014,doc_AY2014_001_para_0_5.txt,1,118,"Strategic Command, Technology, and Multi-Domain Warfare",Unmanned Aerial Systems and Aviation Tech,G2
2014,doc_AY2014_003_para_2_12.txt,10,213,Operational Readiness and Reserve Mobilization,Army Reserve and Active Component Integration,G1
2014,doc_AY2014_003_para_2_13.txt,8,51,"Strategic Command, Technology, and Multi-Domain Warfare",Additive Manufacturing Technologies,G2
2014,doc_AY2014_003_para_2_14.txt,8,64,"Strategic Command, Technology, and Multi-Domain Warfare",Additive Manufacturing Technologies,G2
2014,doc_AY2014_003_para_2_15.txt,8,208,"Strategic Command, Technology, and Multi-Domain Warfare",Additive Manufacturing Technologies,G2
2014,doc_AY2014_003_para_2_16.txt,8,245,"Strategic Command, Technology, and Multi-Domain Warfare",Additive Manufacturing Technologies,G2
2014,doc_AY2014_003_para_2_17.txt,8,127,"Strategic Command, Technology, and Multi-Domain Warfare",Additive Manufacturing Technologies,G2
2014,doc_AY2014_004_para_3_18.txt,20,90,Operational Readiness and Reserve Mobilization,Equipment Maintenance and Deployment Support,G1
2014,doc_AY2014_004_para_3_19.txt,16,123,Operational Readiness and Reserve Mobilization,Annual Training Requirements for Reserves,G1
2014,doc_AY2014_004_para_3_20.txt,16,114,Operational Readiness and Reserve Mobilization,Annual Training Requirements for Reserves,G1
2014,doc_AY2014_004_para_3_23.txt,16,114,Operational Readiness and Reserve Mobilization,Annual Training Requirements for Reserves,G1
2014,doc_AY2014_007_para_6_42.txt,1,123,"Strategic Command, Technology, and Multi-Domain Warfare",Unmanned Aerial Systems and Aviation Tech,G2
2014,doc_AY2014_007_para_6_43.txt,1,168,"Strategic Command, Technology, and Multi-Domain Warfare",Unmanned Aerial Systems and Aviation Tech,G2
2014,doc_AY2014_007_para_6_46.txt,-1,162,Outlier,Outliers,G0
2014,doc_AY2014_011_para_10_79.txt,4,126,"Strategic Command, Technology, and Multi-Domain Warfare",Regional Alignment and Funding Support,G2
2014,doc_AY2014_011_para_10_81.txt,4,118,"Strategic Command, Technology, and Multi-Domain Warfare",Regional Alignment and Funding Support,G2
2014,doc_AY2014_011_para_10_82.txt,2,115,"Strategic Command, Technology, and Multi-Domain Warfare",Headquarters Operations and Integration,G2
2014,doc_AY2014_011_para_10_83.txt,4,151,"Strategic Command, Technology, and Multi-Domain Warfare",Regional Alignment and Funding Support,G2
2014,doc_AY2014_016_para_15_112.txt,1,152,"Strategic Command, Technology, and Multi-Domain Warfare",Unmanned Aerial Systems and Aviation Tech,G2
2014,doc_AY2014_016_para_15_113.txt,1,191,"Strategic Command, Technology, and Multi-Domain Warfare",Unmanned Aerial Systems and Aviation Tech,G2
2014,doc_AY2014_016_para_15_114.txt,19,127,Operational Readiness and Reserve Mobilization,Sustainment and Modernization Efforts,G1
2014,doc_AY2014_016_para_15_115.txt,18,138,Operational Readiness and Reserve Mobilization,Reserve Support and Mobilization Duties,G1
2014,doc_AY2014_016_para_15_116.txt,10,76,Operational Readiness and Reserve Mobilization,Army Reserve and Active Component Integration,G1
2014,doc_AY2014_016_para_15_117.txt,1,162,"Strategic Command, Technology, and Multi-Domain Warfare",Unmanned Aerial Systems and Aviation Tech,G2
2014,doc_AY2014_021_para_20_150.txt,10,177,Operational Readiness and Reserve Mobilization,Army Reserve and Active Component Integration,G1
2014,doc_AY2014_021_para_20_152.txt,17,120,"Strategic Command, Technology, and Multi-Domain Warfare",Security Force Assistance Brigades,G2
2014,doc_AY2014_021_para_20_153.txt,6,123,Operational Readiness and Reserve Mobilization,Unit Training and Readiness Cycle,G1
2014,doc_AY2014_021_para_20_156.txt,10,124,Operational Readiness and Reserve Mobilization,Army Reserve and Active Component Integration,G1
2014,doc_AY2014_023_para_22_165.txt,19,64,Operational Readiness and Reserve Mobilization,Sustainment and Modernization Efforts,G1
2014,doc_AY2014_023_para_22_169.txt,6,81,Operational Readiness and Reserve Mobilization,Unit Training and Readiness Cycle,G1
2014,doc_AY2014_023_para_22_170.txt,19,115,Operational Readiness and Reserve Mobilization,Sustainment and Modernization Efforts,G1
2014,doc_AY2014_027_para_26_195.txt,10,241,Operational Readiness and Reserve Mobilization,Army Reserve and Active Component Integration,G1
2014,doc_AY2014_027_para_26_197.txt,1,449,"Strategic Command, Technology, and Multi-Domain Warfare",Unmanned Aerial Systems and Aviation Tech,G2
2014,doc_AY2014_028_para_27_199.txt,6,143,Operational Readiness and Reserve Mobilization,Unit Training and Readiness Cycle,G1
2014,doc_AY2014_028_para_27_200.txt,6,220,Operational Readiness and Reserve Mobilization,Unit Training and Readiness Cycle,G1
2014,doc_AY2014_028_para_27_201.txt,6,249,Operational Readiness and Reserve Mobilization,Unit Training and Readiness Cycle,G1
2014,doc_AY2014_028_para_27_202.txt,6,112,Operational Readiness and Reserve Mobilization,Unit Training and Readiness Cycle,G1
2014,doc_AY2014_030_para_29_214.txt,10,278,Operational Readiness and Reserve Mobilization,Army Reserve and Active Component Integration,G1
2014,doc_AY2014_030_para_29_217.txt,10,154,Operational Readiness and Reserve Mobilization,Army Reserve and Active Component Integration,G1
2014,doc_AY2014_030_para_29_218.txt,10,129,Operational Readiness and Reserve Mobilization,Army Reserve and Active Component Integration,G1
2014,doc_AY2014_033_para_32_233.txt,0,272,"Strategic Command, Technology, and Multi-Domain Warfare",Command Philosophy and Leadership Doctrine,G2
2014,doc_AY2014_040_para_39_278.txt,0,150,"Strategic Command, Technology, and Multi-Domain Warfare",Command Philosophy and Leadership Doctrine,G2
2014,doc_AY2014_040_para_39_279.txt,10,163,Operational Readiness and Reserve Mobilization,Army Reserve and Active Component Integration,G1
2014,doc_AY2014_040_para_39_280.txt,7,189,"Strategic Command, Technology, and Multi-Domain Warfare",Multi-Domain Operations Concepts,G2
2014,doc_AY2014_044_para_43_308.txt,12,95,Operational Readiness and Reserve Mobilization,Leadership Development and Combat Planning,G1
2014,doc_AY2014_045_para_44_313.txt,8,98,"Strategic Command, Technology, and Multi-Domain Warfare",Additive Manufacturing Technologies,G2
2014,doc_AY2014_050_para_49_349.txt,4,198,"Strategic Command, Technology, and Multi-Domain Warfare",Regional Alignment and Funding Support,G2
2014,doc_AY2014_050_para_49_350.txt,0,183,"Strategic Command, Technology, and Multi-Domain Warfare",Command Philosophy and Leadership Doctrine,G2
2014,doc_AY2014_052_para_51_364.txt,14,143,Operational Readiness and Reserve Mobilization,Operational Reserve Training and Mobilization,G1
2014,doc_AY2014_052_para_51_365.txt,2,98,"Strategic Command, Technology, and Multi-Domain Warfare",Headquarters Operations and Integration,G2
2014,doc_AY2014_052_para_51_369.txt,10,142,Operational Readiness and Reserve Mobilization,Army Reserve and Active Component Integration,G1
2014,doc_AY2014_052_para_51_370.txt,10,75,Operational Readiness and Reserve Mobilization,Army Reserve and Active Component Integration,G1
2014,doc_AY2014_053_para_52_376.txt,0,87,"Strategic Command, Technology, and Multi-Domain Warfare",Command Philosophy and Leadership Doctrine,G2
2014,doc_AY2014_053_para_52_377.txt,3,89,Operational Readiness and Reserve Mobilization,National Guard and Reserve Components,G1
2014,doc_AY2014_056_para_55_394.txt,0,144,"Strategic Command, Technology, and Multi-Domain Warfare",Command Philosophy and Leadership Doctrine,G2
2014,doc_AY2014_056_para_55_397.txt,0,180,"Strategic Command, Technology, and Multi-Domain Warfare",Command Philosophy and Leadership Doctrine,G2
2014,doc_AY2014_057_para_56_403.txt,4,195,"Strategic Command, Technology, and Multi-Domain Warfare",Regional Alignment and Funding Support,G2
2014,doc_AY2014_057_para_56_404.txt,4,83,"Strategic Command, Technology, and Multi-Domain Warfare",Regional Alignment and Funding Support,G2
2014,doc_AY2014_061_para_60_425.txt,1,208,"Strategic Command, Technology, and Multi-Domain Warfare",Unmanned Aerial Systems and Aviation Tech,G2
2014,doc_AY2014_061_para_60_426.txt,-1,109,Outlier,Outliers,G0
2014,doc_AY2014_061_para_60_430.txt,10,156,Operational Readiness and Reserve Mobilization,Army Reserve and Active Component Integration,G1
2014,doc_AY2014_061_para_60_434.txt,1,189,"Strategic Command, Technology, and Multi-Domain Warfare",Unmanned Aerial Systems and Aviation Tech,G2
2014,doc_AY2014_061_para_60_435.txt,2,158,"Strategic Command, Technology, and Multi-Domain Warfare",Headquarters Operations and Integration,G2
2014,doc_AY2014_061_para_60_436.txt,7,149,"Strategic Command, Technology, and Multi-Domain Warfare",Multi-Domain Operations Concepts,G2
2014,doc_AY2014_063_para_62_445.txt,4,185,"Strategic Command, Technology, and Multi-Domain Warfare",Regional Alignment and Funding Support,G2
2014,doc_AY2014_063_para_62_446.txt,0,86,"Strategic Command, Technology, and Multi-Domain Warfare",Command Philosophy and Leadership Doctrine,G2
2014,doc_AY2014_063_para_62_447.txt,0,95,"Strategic Command, Technology, and Multi-Domain Warfare",Command Philosophy and Leadership Doctrine,G2
2014,doc_AY2014_063_para_62_448.txt,0,100,"Strategic Command, Technology, and Multi-Domain Warfare",Command Philosophy and Leadership Doctrine,G2
2014,doc_AY2014_063_para_62_450.txt,13,123,Operational Readiness and Reserve Mobilization,Brigade Combat Team Readiness,G1
2014,doc_AY2014_063_para_62_451.txt,0,98,"Strategic Command, Technology, and Multi-Domain Warfare",Command Philosophy and Leadership Doctrine,G2
2014,doc_AY2014_063_para_62_452.txt,14,78,Operational Readiness and Reserve Mobilization,Operational Reserve Training and Mobilization,G1
2014,doc_AY2014_075_para_74_530.txt,3,143,Operational Readiness and Reserve Mobilization,National Guard and Reserve Components,G1
2014,doc_AY2014_083_para_82_592.txt,0,168,"Strategic Command, Technology, and Multi-Domain Warfare",Command Philosophy and Leadership Doctrine,G2
2014,doc_AY2014_083_para_82_594.txt,2,280,"Strategic Command, Technology, and Multi-Domain Warfare",Headquarters Operations and Integration,G2
2014,doc_AY2014_084_para_83_597.txt,0,229,"Strategic Command, Technology, and Multi-Domain Warfare",Command Philosophy and Leadership Doctrine,G2
2014,doc_AY2014_089_para_88_641.txt,19,135,Operational Readiness and Reserve Mobilization,Sustainment and Modernization Efforts,G1
2014,doc_AY2014_090_para_89_645.txt,1,159,"Strategic Command, Technology, and Multi-Domain Warfare",Unmanned Aerial Systems and Aviation Tech,G2
2014,doc_AY2014_090_para_89_646.txt,1,126,"Strategic Command, Technology, and Multi-Domain Warfare",Unmanned Aerial Systems and Aviation Tech,G2
2014,doc_AY2014_090_para_89_647.txt,1,102,"Strategic Command, Technology, and Multi-Domain Warfare",Unmanned Aerial Systems and Aviation Tech,G2
2014,doc_AY2014_090_para_89_648.txt,1,96,"Strategic Command, Technology, and Multi-Domain Warfare",Unmanned Aerial Systems and Aviation Tech,G2
2014,doc_AY2014_090_para_89_649.txt,1,95,"Strategic Command, Technology, and Multi-Domain Warfare",Unmanned Aerial Systems and Aviation Tech,G2
2014,doc_AY2014_090_para_89_650.txt,1,93,"Strategic Command, Technology, and Multi-Domain Warfare",Unmanned Aerial Systems and Aviation Tech,G2
2014,doc_AY2014_090_para_89_651.txt,-1,109,Outlier,Outliers,G0
2014,doc_AY2014_090_para_89_652.txt,5,99,"Strategic Command, Technology, and Multi-Domain Warfare",Defense Logistics and Enterprise Management,G2
2014,doc_AY2014_092_para_91_663.txt,0,72,"Strategic Command, Technology, and Multi-Domain Warfare",Command Philosophy and Leadership Doctrine,G2
2014,doc_AY2014_092_para_91_666.txt,0,61,"Strategic Command, Technology, and Multi-Domain Warfare",Command Philosophy and Leadership Doctrine,G2
2014,doc_AY2014_094_para_93_686.txt,20,123,Operational Readiness and Reserve Mobilization,Equipment Maintenance and Deployment Support,G1
2014,doc_AY2014_106_para_105_756.txt,5,149,"Strategic Command, Technology, and Multi-Domain Warfare",Defense Logistics and Enterprise Management,G2
2014,doc_AY2014_106_para_105_757.txt,20,175,Operational Readiness and Reserve Mobilization,Equipment Maintenance and Deployment Support,G1
2014,doc_AY2014_106_para_105_760.txt,20,125,Operational Readiness and Reserve Mobilization,Equipment Maintenance and Deployment Support,G1
2014,doc_AY2014_109_para_108_778.txt,0,149,"Strategic Command, Technology, and Multi-Domain Warfare",Command Philosophy and Leadership Doctrine,G2
2014,doc_AY2014_109_para_108_779.txt,0,134,"Strategic Command, Technology, and Multi-Domain Warfare",Command Philosophy and Leadership Doctrine,G2
2014,doc_AY2014_109_para_108_780.txt,0,111,"Strategic Command, Technology, and Multi-Domain Warfare",Command Philosophy and Leadership Doctrine,G2
2014,doc_AY2014_127_para_126_901.txt,19,173,Operational Readiness and Reserve Mobilization,Sustainment and Modernization Efforts,G1
2014,doc_AY2014_128_para_127_905.txt,6,149,Operational Readiness and Reserve Mobilization,Unit Training and Readiness Cycle,G1
2014,doc_AY2014_128_para_127_909.txt,9,176,Operational Readiness and Reserve Mobilization,Mobilization Processes for Reserves,G1
2014,doc_AY2014_128_para_127_913.txt,18,95,Operational Readiness and Reserve Mobilization,Reserve Support and Mobilization Duties,G1
2014,doc_AY2014_129_para_128_914.txt,0,149,"Strategic Command, Technology, and Multi-Domain Warfare",Command Philosophy and Leadership Doctrine,G2
2014,doc_AY2014_129_para_128_917.txt,14,144,Operational Readiness and Reserve Mobilization,Operational Reserve Training and Mobilization,G1
2014,doc_AY2014_129_para_128_918.txt,6,95,Operational Readiness and Reserve Mobilization,Unit Training and Readiness Cycle,G1
2014,doc_AY2014_129_para_128_919.txt,13,105,Operational Readiness and Reserve Mobilization,Brigade Combat Team Readiness,G1
2014,doc_AY2014_129_para_128_920.txt,13,87,Operational Readiness and Reserve Mobilization,Brigade Combat Team Readiness,G1
2014,doc_AY2014_129_para_128_921.txt,14,100,Operational Readiness and Reserve Mobilization,Operational Reserve Training and Mobilization,G1
2014,doc_AY2014_130_para_129_923.txt,19,396,Operational Readiness and Reserve Mobilization,Sustainment and Modernization Efforts,G1
2014,doc_AY2014_130_para_129_924.txt,13,180,Operational Readiness and Reserve Mobilization,Brigade Combat Team Readiness,G1
2014,doc_AY2014_130_para_129_925.txt,12,179,Operational Readiness and Reserve Mobilization,Leadership Development and Combat Planning,G1
2014,doc_AY2014_130_para_129_926.txt,4,132,"Strategic Command, Technology, and Multi-Domain Warfare",Regional Alignment and Funding Support,G2
2014,doc_AY2014_135_para_134_963.txt,1,135,"Strategic Command, Technology, and Multi-Domain Warfare",Unmanned Aerial Systems and Aviation Tech,G2
2014,doc_AY2014_135_para_134_964.txt,1,174,"Strategic Command, Technology, and Multi-Domain Warfare",Unmanned Aerial Systems and Aviation Tech,G2
2014,doc_AY2014_136_para_135_968.txt,2,113,"Strategic Command, Technology, and Multi-Domain Warfare",Headquarters Operations and Integration,G2
2014,doc_AY2014_136_para_135_969.txt,2,115,"Strategic Command, Technology, and Multi-Domain Warfare",Headquarters Operations and Integration,G2
2014,doc_AY2014_136_para_135_972.txt,2,123,"Strategic Command, Technology, and Multi-Domain Warfare",Headquarters Operations and Integration,G2
2014,doc_AY2014_140_para_139_994.txt,4,150,"Strategic Command, Technology, and Multi-Domain Warfare",Regional Alignment and Funding Support,G2
2014,doc_AY2014_140_para_139_995.txt,4,132,"Strategic Command, Technology, and Multi-Domain Warfare",Regional Alignment and Funding Support,G2
2014,doc_AY2014_140_para_139_996.txt,20,119,Operational Readiness and Reserve Mobilization,Equipment Maintenance and Deployment Support,G1
2014,doc_AY2014_140_para_139_999.txt,15,77,"Strategic Command, Technology, and Multi-Domain Warfare",Artillery and Missile Capability Integration,G2
2014,doc_AY2014_141_para_140_1001.txt,2,188,"Strategic Command, Technology, and Multi-Domain Warfare",Headquarters Operations and Integration,G2
2014,doc_AY2014_141_para_140_1002.txt,-1,121,Outlier,Outliers,G0
2014,doc_AY2014_141_para_140_1004.txt,10,158,Operational Readiness and Reserve Mobilization,Army Reserve and Active Component Integration,G1
2014,doc_AY2014_141_para_140_1005.txt,2,121,"Strategic Command, Technology, and Multi-Domain Warfare",Headquarters Operations and Integration,G2
2014,doc_AY2014_142_para_141_1012.txt,2,170,"Strategic Command, Technology, and Multi-Domain Warfare",Headquarters Operations and Integration,G2
2014,doc_AY2014_147_para_146_1052.txt,1,110,"Strategic Command, Technology, and Multi-Domain Warfare",Unmanned Aerial Systems and Aviation Tech,G2
2014,doc_AY2014_150_para_149_1073.txt,0,139,"Strategic Command, Technology, and Multi-Domain Warfare",Command Philosophy and Leadership Doctrine,G2
2014,doc_AY2014_150_para_149_1074.txt,0,128,"Strategic Command, Technology, and Multi-Domain Warfare",Command Philosophy and Leadership Doctrine,G2
2014,doc_AY2014_150_para_149_1075.txt,7,145,"Strategic Command, Technology, and Multi-Domain Warfare",Multi-Domain Operations Concepts,G2
2014,doc_AY2014_150_para_149_1080.txt,0,133,"Strategic Command, Technology, and Multi-Domain Warfare",Command Philosophy and Leadership Doctrine,G2
2014,doc_AY2014_159_para_158_1147.txt,0,129,"Strategic Command, Technology, and Multi-Domain Warfare",Command Philosophy and Leadership Doctrine,G2
2014,doc_AY2014_159_para_158_1148.txt,0,236,"Strategic Command, Technology, and Multi-Domain Warfare",Command Philosophy and Leadership Doctrine,G2
2014,doc_AY2014_159_para_158_1149.txt,0,208,"Strategic Command, Technology, and Multi-Domain Warfare",Command Philosophy and Leadership Doctrine,G2
2014,doc_AY2014_159_para_158_1150.txt,0,116,"Strategic Command, Technology, and Multi-Domain Warfare",Command Philosophy and Leadership Doctrine,G2
2014,doc_AY2014_171_para_170_1224.txt,4,187,"Strategic Command, Technology, and Multi-Domain Warfare",Regional Alignment and Funding Support,G2
2014,doc_AY2014_171_para_170_1226.txt,2,153,"Strategic Command, Technology, and Multi-Domain Warfare",Headquarters Operations and Integration,G2
2014,doc_AY2014_171_para_170_1227.txt,4,132,"Strategic Command, Technology, and Multi-Domain Warfare",Regional Alignment and Funding Support,G2
2014,doc_AY2014_171_para_170_1231.txt,4,142,"Strategic Command, Technology, and Multi-Domain Warfare",Regional Alignment and Funding Support,G2
2014,doc_AY2014_172_para_171_1233.txt,2,214,"Strategic Command, Technology, and Multi-Domain Warfare",Headquarters Operations and Integration,G2
2014,doc_AY2014_180_para_178_1281.txt,2,105,"Strategic Command, Technology, and Multi-Domain Warfare",Headquarters Operations and Integration,G2
2014,doc_AY2014_180_para_178_1283.txt,2,89,"Strategic Command, Technology, and Multi-Domain Warfare",Headquarters Operations and Integration,G2
2014,doc_AY2014_182_para_180_1294.txt,0,33,"Strategic Command, Technology, and Multi-Domain Warfare",Command Philosophy and Leadership Doctrine,G2
2014,doc_AY2014_182_para_180_1295.txt,2,186,"Strategic Command, Technology, and Multi-Domain Warfare",Headquarters Operations and Integration,G2
2014,doc_AY2014_183_para_181_1300.txt,15,161,"Strategic Command, Technology, and Multi-Domain Warfare",Artillery and Missile Capability Integration,G2
2014,doc_AY2014_183_para_181_1301.txt,11,184,"Strategic Command, Technology, and Multi-Domain Warfare",Domain Warfare and Artillery Operations,G2
2014,doc_AY2014_183_para_181_1302.txt,2,161,"Strategic Command, Technology, and Multi-Domain Warfare",Headquarters Operations and Integration,G2
2014,doc_AY2014_183_para_181_1303.txt,2,114,"Strategic Command, Technology, and Multi-Domain Warfare",Headquarters Operations and Integration,G2
2014,doc_AY2014_183_para_181_1304.txt,2,217,"Strategic Command, Technology, and Multi-Domain Warfare",Headquarters Operations and Integration,G2
2014,doc_AY2014_183_para_181_1305.txt,2,98,"Strategic Command, Technology, and Multi-Domain Warfare",Headquarters Operations and Integration,G2
2014,doc_AY2014_183_para_181_1306.txt,15,93,"Strategic Command, Technology, and Multi-Domain Warfare",Artillery and Missile Capability Integration,G2
2014,doc_AY2014_183_para_181_1307.txt,2,141,"Strategic Command, Technology, and Multi-Domain Warfare",Headquarters Operations and Integration,G2
2014,doc_AY2014_183_para_181_1309.txt,15,96,"Strategic Command, Technology, and Multi-Domain Warfare",Artillery and Missile Capability Integration,G2
2014,doc_AY2014_190_para_188_1356.txt,9,91,Operational Readiness and Reserve Mobilization,Mobilization Processes for Reserves,G1
2014,doc_AY2014_192_para_190_1365.txt,0,165,"Strategic Command, Technology, and Multi-Domain Warfare",Command Philosophy and Leadership Doctrine,G2
2014,doc_AY2014_193_para_191_1377.txt,10,60,Operational Readiness and Reserve Mobilization,Army Reserve and Active Component Integration,G1
2014,doc_AY2014_195_para_193_1391.txt,0,233,"Strategic Command, Technology, and Multi-Domain Warfare",Command Philosophy and Leadership Doctrine,G2
2014,doc_AY2014_195_para_193_1393.txt,0,314,"Strategic Command, Technology, and Multi-Domain Warfare",Command Philosophy and Leadership Doctrine,G2
2014,doc_AY2014_195_para_193_1394.txt,0,249,"Strategic Command, Technology, and Multi-Domain Warfare",Command Philosophy and Leadership Doctrine,G2
2014,doc_AY2014_196_para_194_1396.txt,5,220,"Strategic Command, Technology, and Multi-Domain Warfare",Defense Logistics and Enterprise Management,G2
2014,doc_AY2014_198_para_196_1416.txt,13,147,Operational Readiness and Reserve Mobilization,Brigade Combat Team Readiness,G1
2014,doc_AY2014_200_para_198_1425.txt,4,231,"Strategic Command, Technology, and Multi-Domain Warfare",Regional Alignment and Funding Support,G2
2014,doc_AY2014_200_para_198_1426.txt,10,669,Operational Readiness and Reserve Mobilization,Army Reserve and Active Component Integration,G1
2014,doc_AY2014_200_para_198_1427.txt,10,153,Operational Readiness and Reserve Mobilization,Army Reserve and Active Component Integration,G1
2014,doc_AY2014_201_para_199_1430.txt,3,181,Operational Readiness and Reserve Mobilization,National Guard and Reserve Components,G1
2014,doc_AY2014_208_para_206_1472.txt,0,249,"Strategic Command, Technology, and Multi-Domain Warfare",Command Philosophy and Leadership Doctrine,G2
2014,doc_AY2014_208_para_206_1473.txt,0,216,"Strategic Command, Technology, and Multi-Domain Warfare",Command Philosophy and Leadership Doctrine,G2
2014,doc_AY2014_208_para_206_1474.txt,0,121,"Strategic Command, Technology, and Multi-Domain Warfare",Command Philosophy and Leadership Doctrine,G2
2014,doc_AY2014_208_para_206_1475.txt,0,147,"Strategic Command, Technology, and Multi-Domain Warfare",Command Philosophy and Leadership Doctrine,G2
2014,doc_AY2014_208_para_206_1476.txt,0,122,"Strategic Command, Technology, and Multi-Domain Warfare",Command Philosophy and Leadership Doctrine,G2
2014,doc_AY2014_209_para_207_1477.txt,0,189,"Strategic Command, Technology, and Multi-Domain Warfare",Command Philosophy and Leadership Doctrine,G2
2014,doc_AY2014_209_para_207_1478.txt,0,111,"Strategic Command, Technology, and Multi-Domain Warfare",Command Philosophy and Leadership Doctrine,G2
2014,doc_AY2014_209_para_207_1479.txt,0,206,"Strategic Command, Technology, and Multi-Domain Warfare",Command Philosophy and Leadership Doctrine,G2
2014,doc_AY2014_209_para_207_1480.txt,19,180,Operational Readiness and Reserve Mobilization,Sustainment and Modernization Efforts,G1
2014,doc_AY2014_209_para_207_1484.txt,0,241,"Strategic Command, Technology, and Multi-Domain Warfare",Command Philosophy and Leadership Doctrine,G2
2014,doc_AY2014_209_para_207_1489.txt,0,144,"Strategic Command, Technology, and Multi-Domain Warfare",Command Philosophy and Leadership Doctrine,G2
2014,doc_AY2014_209_para_207_1490.txt,0,226,"Strategic Command, Technology, and Multi-Domain Warfare",Command Philosophy and Leadership Doctrine,G2
2014,doc_AY2014_209_para_207_1491.txt,0,87,"Strategic Command, Technology, and Multi-Domain Warfare",Command Philosophy and Leadership Doctrine,G2
2014,doc_AY2014_210_para_208_1493.txt,0,111,"Strategic Command, Technology, and Multi-Domain Warfare",Command Philosophy and Leadership Doctrine,G2
2014,doc_AY2014_210_para_208_1497.txt,0,94,"Strategic Command, Technology, and Multi-Domain Warfare",Command Philosophy and Leadership Doctrine,G2
2014,doc_AY2014_210_para_208_1499.txt,0,103,"Strategic Command, Technology, and Multi-Domain Warfare",Command Philosophy and Leadership Doctrine,G2
2014,doc_AY2014_211_para_209_1500.txt,0,156,"Strategic Command, Technology, and Multi-Domain Warfare",Command Philosophy and Leadership Doctrine,G2
2014,doc_AY2014_211_para_209_1501.txt,0,151,"Strategic Command, Technology, and Multi-Domain Warfare",Command Philosophy and Leadership Doctrine,G2
2014,doc_AY2014_211_para_209_1506.txt,0,159,"Strategic Command, Technology, and Multi-Domain Warfare",Command Philosophy and Leadership Doctrine,G2
2014,doc_AY2014_212_para_210_1507.txt,0,156,"Strategic Command, Technology, and Multi-Domain Warfare",Command Philosophy and Leadership Doctrine,G2
2014,doc_AY2014_212_para_210_1508.txt,13,246,Operational Readiness and Reserve Mobilization,Brigade Combat Team Readiness,G1
2014,doc_AY2014_212_para_210_1513.txt,13,89,Operational Readiness and Reserve Mobilization,Brigade Combat Team Readiness,G1
2014,doc_AY2014_213_para_211_1515.txt,0,226,"Strategic Command, Technology, and Multi-Domain Warfare",Command Philosophy and Leadership Doctrine,G2
2014,doc_AY2014_214_para_212_1520.txt,4,95,"Strategic Command, Technology, and Multi-Domain Warfare",Regional Alignment and Funding Support,G2
2014,doc_AY2014_214_para_212_1522.txt,4,189,"Strategic Command, Technology, and Multi-Domain Warfare",Regional Alignment and Funding Support,G2
2014,doc_AY2014_214_para_212_1523.txt,0,238,"Strategic Command, Technology, and Multi-Domain Warfare",Command Philosophy and Leadership Doctrine,G2
2014,doc_AY2014_214_para_212_1524.txt,4,75,"Strategic Command, Technology, and Multi-Domain Warfare",Regional Alignment and Funding Support,G2
2014,doc_AY2014_214_para_212_1525.txt,4,110,"Strategic Command, Technology, and Multi-Domain Warfare",Regional Alignment and Funding Support,G2
2014,doc_AY2014_214_para_212_1527.txt,4,105,"Strategic Command, Technology, and Multi-Domain Warfare",Regional Alignment and Funding Support,G2
2014,doc_AY2014_214_para_212_1528.txt,4,108,"Strategic Command, Technology, and Multi-Domain Warfare",Regional Alignment and Funding Support,G2
2014,doc_AY2014_214_para_212_1529.txt,4,90,"Strategic Command, Technology, and Multi-Domain Warfare",Regional Alignment and Funding Support,G2
2014,doc_AY2014_225_para_223_1608.txt,13,258,Operational Readiness and Reserve Mobilization,Brigade Combat Team Readiness,G1
2014,doc_AY2014_225_para_223_1609.txt,1,253,"Strategic Command, Technology, and Multi-Domain Warfare",Unmanned Aerial Systems and Aviation Tech,G2
2014,doc_AY2014_225_para_223_1610.txt,1,181,"Strategic Command, Technology, and Multi-Domain Warfare",Unmanned Aerial Systems and Aviation Tech,G2
2014,doc_AY2014_233_para_231_1663.txt,0,166,"Strategic Command, Technology, and Multi-Domain Warfare",Command Philosophy and Leadership Doctrine,G2
2014,doc_AY2014_233_para_231_1664.txt,0,184,"Strategic Command, Technology, and Multi-Domain Warfare",Command Philosophy and Leadership Doctrine,G2
2014,doc_AY2014_233_para_231_1668.txt,0,62,"Strategic Command, Technology, and Multi-Domain Warfare",Command Philosophy and Leadership Doctrine,G2
2014,doc_AY2014_238_para_236_1709.txt,6,119,Operational Readiness and Reserve Mobilization,Unit Training and Readiness Cycle,G1
2014,doc_AY2014_238_para_236_1711.txt,9,168,Operational Readiness and Reserve Mobilization,Mobilization Processes for Reserves,G1
2014,doc_AY2014_238_para_236_1712.txt,1,67,"Strategic Command, Technology, and Multi-Domain Warfare",Unmanned Aerial Systems and Aviation Tech,G2
2014,doc_AY2014_242_para_240_1732.txt,4,177,"Strategic Command, Technology, and Multi-Domain Warfare",Regional Alignment and Funding Support,G2
2014,doc_AY2014_243_para_241_1742.txt,13,171,Operational Readiness and Reserve Mobilization,Brigade Combat Team Readiness,G1
2014,doc_AY2014_243_para_241_1745.txt,13,140,Operational Readiness and Reserve Mobilization,Brigade Combat Team Readiness,G1
2014,doc_AY2014_244_para_242_1751.txt,17,106,"Strategic Command, Technology, and Multi-Domain Warfare",Security Force Assistance Brigades,G2
2014,doc_AY2014_247_para_245_1768.txt,0,83,"Strategic Command, Technology, and Multi-Domain Warfare",Command Philosophy and Leadership Doctrine,G2
2014,doc_AY2014_247_para_245_1772.txt,0,138,"Strategic Command, Technology, and Multi-Domain Warfare",Command Philosophy and Leadership Doctrine,G2
2014,doc_AY2014_249_para_247_1784.txt,0,69,"Strategic Command, Technology, and Multi-Domain Warfare",Command Philosophy and Leadership Doctrine,G2
2014,doc_AY2014_252_para_250_1800.txt,4,149,"Strategic Command, Technology, and Multi-Domain Warfare",Regional Alignment and Funding Support,G2
2014,doc_AY2014_252_para_250_1801.txt,4,109,"Strategic Command, Technology, and Multi-Domain Warfare",Regional Alignment and Funding Support,G2
2014,doc_AY2014_252_para_250_1802.txt,4,191,"Strategic Command, Technology, and Multi-Domain Warfare",Regional Alignment and Funding Support,G2
2014,doc_AY2014_252_para_250_1803.txt,13,152,Operational Readiness and Reserve Mobilization,Brigade Combat Team Readiness,G1
2014,doc_AY2014_252_para_250_1805.txt,13,153,Operational Readiness and Reserve Mobilization,Brigade Combat Team Readiness,G1
2014,doc_AY2014_252_para_250_1806.txt,6,141,Operational Readiness and Reserve Mobilization,Unit Training and Readiness Cycle,G1
2014,doc_AY2014_252_para_250_1807.txt,4,127,"Strategic Command, Technology, and Multi-Domain Warfare",Regional Alignment and Funding Support,G2
2014,doc_AY2014_254_para_252_1818.txt,1,252,"Strategic Command, Technology, and Multi-Domain Warfare",Unmanned Aerial Systems and Aviation Tech,G2
2014,doc_AY2014_256_para_254_1824.txt,1,157,"Strategic Command, Technology, and Multi-Domain Warfare",Unmanned Aerial Systems and Aviation Tech,G2
2014,doc_AY2014_256_para_254_1825.txt,19,151,Operational Readiness and Reserve Mobilization,Sustainment and Modernization Efforts,G1
2014,doc_AY2014_256_para_254_1826.txt,1,186,"Strategic Command, Technology, and Multi-Domain Warfare",Unmanned Aerial Systems and Aviation Tech,G2
2014,doc_AY2014_260_para_258_1848.txt,10,149,Operational Readiness and Reserve Mobilization,Army Reserve and Active Component Integration,G1
2014,doc_AY2014_262_para_260_1858.txt,17,124,"Strategic Command, Technology, and Multi-Domain Warfare",Security Force Assistance Brigades,G2
2014,doc_AY2014_262_para_260_1859.txt,4,182,"Strategic Command, Technology, and Multi-Domain Warfare",Regional Alignment and Funding Support,G2
2014,doc_AY2014_262_para_260_1860.txt,4,154,"Strategic Command, Technology, and Multi-Domain Warfare",Regional Alignment and Funding Support,G2
2014,doc_AY2014_262_para_260_1861.txt,4,85,"Strategic Command, Technology, and Multi-Domain Warfare",Regional Alignment and Funding Support,G2
2014,doc_AY2014_263_para_261_1862.txt,4,166,"Strategic Command, Technology, and Multi-Domain Warfare",Regional Alignment and Funding Support,G2
2014,doc_AY2014_263_para_261_1864.txt,2,152,"Strategic Command, Technology, and Multi-Domain Warfare",Headquarters Operations and Integration,G2
2014,doc_AY2014_263_para_261_1865.txt,4,103,"Strategic Command, Technology, and Multi-Domain Warfare",Regional Alignment and Funding Support,G2
2014,doc_AY2014_263_para_261_1866.txt,2,116,"Strategic Command, Technology, and Multi-Domain Warfare",Headquarters Operations and Integration,G2
2014,doc_AY2014_263_para_261_1867.txt,4,109,"Strategic Command, Technology, and Multi-Domain Warfare",Regional Alignment and Funding Support,G2
2014,doc_AY2014_263_para_261_1869.txt,20,135,Operational Readiness and Reserve Mobilization,Equipment Maintenance and Deployment Support,G1
2014,doc_AY2014_263_para_261_1871.txt,4,93,"Strategic Command, Technology, and Multi-Domain Warfare",Regional Alignment and Funding Support,G2
2014,doc_AY2014_264_para_262_1872.txt,4,118,"Strategic Command, Technology, and Multi-Domain Warfare",Regional Alignment and Funding Support,G2
2014,doc_AY2014_264_para_262_1873.txt,0,421,"Strategic Command, Technology, and Multi-Domain Warfare",Command Philosophy and Leadership Doctrine,G2
2014,doc_AY2014_264_para_262_1874.txt,4,132,"Strategic Command, Technology, and Multi-Domain Warfare",Regional Alignment and Funding Support,G2
2014,doc_AY2014_264_para_262_1876.txt,0,169,"Strategic Command, Technology, and Multi-Domain Warfare",Command Philosophy and Leadership Doctrine,G2
2014,doc_AY2014_264_para_262_1877.txt,0,190,"Strategic Command, Technology, and Multi-Domain Warfare",Command Philosophy and Leadership Doctrine,G2
2014,doc_AY2014_264_para_262_1878.txt,4,90,"Strategic Command, Technology, and Multi-Domain Warfare",Regional Alignment and Funding Support,G2
2014,doc_AY2014_265_para_263_1883.txt,1,152,"Strategic Command, Technology, and Multi-Domain Warfare",Unmanned Aerial Systems and Aviation Tech,G2
2014,doc_AY2014_265_para_263_1885.txt,1,124,"Strategic Command, Technology, and Multi-Domain Warfare",Unmanned Aerial Systems and Aviation Tech,G2
2014,doc_AY2014_268_para_266_1902.txt,1,156,"Strategic Command, Technology, and Multi-Domain Warfare",Unmanned Aerial Systems and Aviation Tech,G2
2014,doc_AY2014_268_para_266_1903.txt,19,215,Operational Readiness and Reserve Mobilization,Sustainment and Modernization Efforts,G1
2014,doc_AY2014_268_para_266_1904.txt,6,136,Operational Readiness and Reserve Mobilization,Unit Training and Readiness Cycle,G1
2014,doc_AY2014_268_para_266_1907.txt,1,214,"Strategic Command, Technology, and Multi-Domain Warfare",Unmanned Aerial Systems and Aviation Tech,G2
2014,doc_AY2014_268_para_266_1908.txt,-1,155,Outlier,Outliers,G0
2014,doc_AY2014_268_para_266_1910.txt,-1,116,Outlier,Outliers,G0
2014,doc_AY2014_273_para_271_1945.txt,6,157,Operational Readiness and Reserve Mobilization,Unit Training and Readiness Cycle,G1
2014,doc_AY2014_273_para_271_1948.txt,20,124,Operational Readiness and Reserve Mobilization,Equipment Maintenance and Deployment Support,G1
2014,doc_AY2014_284_para_282_2026.txt,0,131,"Strategic Command, Technology, and Multi-Domain Warfare",Command Philosophy and Leadership Doctrine,G2
2014,doc_AY2014_290_para_288_2064.txt,4,158,"Strategic Command, Technology, and Multi-Domain Warfare",Regional Alignment and Funding Support,G2
2014,doc_AY2014_290_para_288_2067.txt,4,169,"Strategic Command, Technology, and Multi-Domain Warfare",Regional Alignment and Funding Support,G2
2014,doc_AY2014_290_para_288_2068.txt,4,91,"Strategic Command, Technology, and Multi-Domain Warfare",Regional Alignment and Funding Support,G2
2014,doc_AY2014_290_para_288_2070.txt,4,78,"Strategic Command, Technology, and Multi-Domain Warfare",Regional Alignment and Funding Support,G2
2014,doc_AY2014_290_para_288_2072.txt,4,120,"Strategic Command, Technology, and Multi-Domain Warfare",Regional Alignment and Funding Support,G2
2014,doc_AY2014_291_para_289_2074.txt,0,138,"Strategic Command, Technology, and Multi-Domain Warfare",Command Philosophy and Leadership Doctrine,G2
2014,doc_AY2014_291_para_289_2077.txt,0,171,"Strategic Command, Technology, and Multi-Domain Warfare",Command Philosophy and Leadership Doctrine,G2
2014,doc_AY2014_294_para_292_2095.txt,13,119,Operational Readiness and Reserve Mobilization,Brigade Combat Team Readiness,G1
2014,doc_AY2014_294_para_292_2097.txt,4,145,"Strategic Command, Technology, and Multi-Domain Warfare",Regional Alignment and Funding Support,G2
2014,doc_AY2014_294_para_292_2099.txt,13,117,Operational Readiness and Reserve Mobilization,Brigade Combat Team Readiness,G1
2014,doc_AY2014_298_para_296_2127.txt,18,154,Operational Readiness and Reserve Mobilization,Reserve Support and Mobilization Duties,G1
2014,doc_AY2014_298_para_296_2130.txt,18,148,Operational Readiness and Reserve Mobilization,Reserve Support and Mobilization Duties,G1
2014,doc_AY2014_299_para_297_2134.txt,14,167,Operational Readiness and Reserve Mobilization,Operational Reserve Training and Mobilization,G1
2014,doc_AY2014_299_para_297_2138.txt,14,112,Operational Readiness and Reserve Mobilization,Operational Reserve Training and Mobilization,G1
2014,doc_AY2014_299_para_297_2140.txt,13,113,Operational Readiness and Reserve Mobilization,Brigade Combat Team Readiness,G1
2014,doc_AY2014_301_para_299_2152.txt,19,230,Operational Readiness and Reserve Mobilization,Sustainment and Modernization Efforts,G1
2014,doc_AY2014_302_para_300_2156.txt,4,197,"Strategic Command, Technology, and Multi-Domain Warfare",Regional Alignment and Funding Support,G2
2014,doc_AY2014_302_para_300_2157.txt,2,173,"Strategic Command, Technology, and Multi-Domain Warfare",Headquarters Operations and Integration,G2
2014,doc_AY2014_302_para_300_2158.txt,20,75,Operational Readiness and Reserve Mobilization,Equipment Maintenance and Deployment Support,G1
2014,doc_AY2014_302_para_300_2159.txt,2,118,"Strategic Command, Technology, and Multi-Domain Warfare",Headquarters Operations and Integration,G2
2014,doc_AY2014_302_para_300_2160.txt,4,99,"Strategic Command, Technology, and Multi-Domain Warfare",Regional Alignment and Funding Support,G2
2014,doc_AY2014_302_para_300_2161.txt,4,155,"Strategic Command, Technology, and Multi-Domain Warfare",Regional Alignment and Funding Support,G2
2014,doc_AY2014_302_para_300_2162.txt,4,127,"Strategic Command, Technology, and Multi-Domain Warfare",Regional Alignment and Funding Support,G2
2014,doc_AY2014_305_para_303_2179.txt,5,138,"Strategic Command, Technology, and Multi-Domain Warfare",Defense Logistics and Enterprise Management,G2
2014,doc_AY2014_306_para_304_2186.txt,1,149,"Strategic Command, Technology, and Multi-Domain Warfare",Unmanned Aerial Systems and Aviation Tech,G2
2014,doc_AY2014_309_para_307_2201.txt,4,186,"Strategic Command, Technology, and Multi-Domain Warfare",Regional Alignment and Funding Support,G2
2014,doc_AY2014_309_para_307_2202.txt,2,141,"Strategic Command, Technology, and Multi-Domain Warfare",Headquarters Operations and Integration,G2
2014,doc_AY2014_309_para_307_2203.txt,4,179,"Strategic Command, Technology, and Multi-Domain Warfare",Regional Alignment and Funding Support,G2
2014,doc_AY2014_309_para_307_2204.txt,4,129,"Strategic Command, Technology, and Multi-Domain Warfare",Regional Alignment and Funding Support,G2
2014,doc_AY2014_309_para_307_2206.txt,2,135,"Strategic Command, Technology, and Multi-Domain Warfare",Headquarters Operations and Integration,G2
2014,doc_AY2014_309_para_307_2207.txt,4,130,"Strategic Command, Technology, and Multi-Domain Warfare",Regional Alignment and Funding Support,G2
2014,doc_AY2014_309_para_307_2208.txt,2,115,"Strategic Command, Technology, and Multi-Domain Warfare",Headquarters Operations and Integration,G2
2014,doc_AY2014_311_para_309_2222.txt,18,111,Operational Readiness and Reserve Mobilization,Reserve Support and Mobilization Duties,G1
2014,doc_AY2014_312_para_310_2224.txt,10,149,Operational Readiness and Reserve Mobilization,Army Reserve and Active Component Integration,G1
2014,doc_AY2014_312_para_310_2226.txt,19,185,Operational Readiness and Reserve Mobilization,Sustainment and Modernization Efforts,G1
2014,doc_AY2014_312_para_310_2228.txt,13,134,Operational Readiness and Reserve Mobilization,Brigade Combat Team Readiness,G1
2014,doc_AY2014_312_para_310_2229.txt,7,184,"Strategic Command, Technology, and Multi-Domain Warfare",Multi-Domain Operations Concepts,G2
2014,doc_AY2014_312_para_310_2230.txt,7,46,"Strategic Command, Technology, and Multi-Domain Warfare",Multi-Domain Operations Concepts,G2
2014,doc_AY2014_314_para_312_2240.txt,10,194,Operational Readiness and Reserve Mobilization,Army Reserve and Active Component Integration,G1
2014,doc_AY2014_314_para_312_2242.txt,3,177,Operational Readiness and Reserve Mobilization,National Guard and Reserve Components,G1
2014,doc_AY2014_314_para_312_2243.txt,3,118,Operational Readiness and Reserve Mobilization,National Guard and Reserve Components,G1
2014,doc_AY2014_314_para_312_2246.txt,3,100,Operational Readiness and Reserve Mobilization,National Guard and Reserve Components,G1
2014,doc_AY2014_315_para_313_2247.txt,3,142,Operational Readiness and Reserve Mobilization,National Guard and Reserve Components,G1
2014,doc_AY2014_315_para_313_2249.txt,3,170,Operational Readiness and Reserve Mobilization,National Guard and Reserve Components,G1
2014,doc_AY2014_315_para_313_2252.txt,20,163,Operational Readiness and Reserve Mobilization,Equipment Maintenance and Deployment Support,G1
2014,doc_AY2014_315_para_313_2253.txt,13,78,Operational Readiness and Reserve Mobilization,Brigade Combat Team Readiness,G1
2014,doc_AY2014_315_para_313_2254.txt,6,93,Operational Readiness and Reserve Mobilization,Unit Training and Readiness Cycle,G1
2014,doc_AY2014_316_para_314_2255.txt,10,163,Operational Readiness and Reserve Mobilization,Army Reserve and Active Component Integration,G1
2014,doc_AY2014_316_para_314_2256.txt,3,83,Operational Readiness and Reserve Mobilization,National Guard and Reserve Components,G1
2014,doc_AY2014_316_para_314_2257.txt,10,68,Operational Readiness and Reserve Mobilization,Army Reserve and Active Component Integration,G1
2014,doc_AY2014_316_para_314_2259.txt,20,196,Operational Readiness and Reserve Mobilization,Equipment Maintenance and Deployment Support,G1
2014,doc_AY2014_327_para_325_2332.txt,7,124,"Strategic Command, Technology, and Multi-Domain Warfare",Multi-Domain Operations Concepts,G2
2014,doc_AY2014_330_para_328_2348.txt,14,171,Operational Readiness and Reserve Mobilization,Operational Reserve Training and Mobilization,G1
2014,doc_AY2014_330_para_328_2349.txt,14,125,Operational Readiness and Reserve Mobilization,Operational Reserve Training and Mobilization,G1
2014,doc_AY2014_330_para_328_2350.txt,18,232,Operational Readiness and Reserve Mobilization,Reserve Support and Mobilization Duties,G1
2014,doc_AY2014_330_para_328_2351.txt,6,101,Operational Readiness and Reserve Mobilization,Unit Training and Readiness Cycle,G1
2014,doc_AY2014_330_para_328_2352.txt,14,105,Operational Readiness and Reserve Mobilization,Operational Reserve Training and Mobilization,G1
2014,doc_AY2014_330_para_328_2353.txt,18,116,Operational Readiness and Reserve Mobilization,Reserve Support and Mobilization Duties,G1
2014,doc_AY2014_330_para_328_2354.txt,18,147,Operational Readiness and Reserve Mobilization,Reserve Support and Mobilization Duties,G1
2014,doc_AY2014_330_para_328_2355.txt,18,97,Operational Readiness and Reserve Mobilization,Reserve Support and Mobilization Duties,G1
2014,doc_AY2014_330_para_328_2356.txt,14,116,Operational Readiness and Reserve Mobilization,Operational Reserve Training and Mobilization,G1
2014,doc_AY2014_335_para_333_2387.txt,10,105,Operational Readiness and Reserve Mobilization,Army Reserve and Active Component Integration,G1
2014,doc_AY2014_335_para_333_2388.txt,10,186,Operational Readiness and Reserve Mobilization,Army Reserve and Active Component Integration,G1
2014,doc_AY2014_335_para_333_2390.txt,19,198,Operational Readiness and Reserve Mobilization,Sustainment and Modernization Efforts,G1
2014,doc_AY2014_335_para_333_2391.txt,10,179,Operational Readiness and Reserve Mobilization,Army Reserve and Active Component Integration,G1
2014,doc_AY2014_335_para_333_2392.txt,6,169,Operational Readiness and Reserve Mobilization,Unit Training and Readiness Cycle,G1
2014,doc_AY2014_336_para_334_2394.txt,13,325,Operational Readiness and Reserve Mobilization,Brigade Combat Team Readiness,G1
2014,doc_AY2014_336_para_334_2395.txt,4,191,"Strategic Command, Technology, and Multi-Domain Warfare",Regional Alignment and Funding Support,G2
2014,doc_AY2014_336_para_334_2397.txt,4,178,"Strategic Command, Technology, and Multi-Domain Warfare",Regional Alignment and Funding Support,G2
2014,doc_AY2014_337_para_335_2400.txt,12,133,Operational Readiness and Reserve Mobilization,Leadership Development and Combat Planning,G1
2014,doc_AY2014_341_para_339_2421.txt,1,123,"Strategic Command, Technology, and Multi-Domain Warfare",Unmanned Aerial Systems and Aviation Tech,G2
2014,doc_AY2014_341_para_339_2423.txt,1,328,"Strategic Command, Technology, and Multi-Domain Warfare",Unmanned Aerial Systems and Aviation Tech,G2
2014,doc_AY2014_341_para_339_2425.txt,1,173,"Strategic Command, Technology, and Multi-Domain Warfare",Unmanned Aerial Systems and Aviation Tech,G2
2014,doc_AY2014_341_para_339_2427.txt,1,72,"Strategic Command, Technology, and Multi-Domain Warfare",Unmanned Aerial Systems and Aviation Tech,G2
2014,doc_AY2014_342_para_340_2432.txt,3,98,Operational Readiness and Reserve Mobilization,National Guard and Reserve Components,G1
2014,doc_AY2014_342_para_340_2433.txt,10,97,Operational Readiness and Reserve Mobilization,Army Reserve and Active Component Integration,G1
2014,doc_AY2014_342_para_340_2434.txt,18,126,Operational Readiness and Reserve Mobilization,Reserve Support and Mobilization Duties,G1
2014,doc_AY2014_342_para_340_2435.txt,-1,137,Outlier,Outliers,G0
2014,doc_AY2014_346_para_344_2456.txt,10,131,Operational Readiness and Reserve Mobilization,Army Reserve and Active Component Integration,G1
2014,doc_AY2014_346_para_344_2457.txt,2,103,"Strategic Command, Technology, and Multi-Domain Warfare",Headquarters Operations and Integration,G2
2014,doc_AY2014_347_para_345_2460.txt,19,395,Operational Readiness and Reserve Mobilization,Sustainment and Modernization Efforts,G1
2014,doc_AY2014_347_para_345_2461.txt,0,234,"Strategic Command, Technology, and Multi-Domain Warfare",Command Philosophy and Leadership Doctrine,G2
2014,doc_AY2014_347_para_345_2462.txt,4,171,"Strategic Command, Technology, and Multi-Domain Warfare",Regional Alignment and Funding Support,G2
2014,doc_AY2014_347_para_345_2463.txt,4,91,"Strategic Command, Technology, and Multi-Domain Warfare",Regional Alignment and Funding Support,G2
2014,doc_AY2014_352_para_350_2491.txt,6,133,Operational Readiness and Reserve Mobilization,Unit Training and Readiness Cycle,G1
2014,doc_AY2014_352_para_350_2492.txt,10,122,Operational Readiness and Reserve Mobilization,Army Reserve and Active Component Integration,G1
2014,doc_AY2014_352_para_350_2493.txt,4,176,"Strategic Command, Technology, and Multi-Domain Warfare",Regional Alignment and Funding Support,G2
2014,doc_AY2014_352_para_350_2495.txt,6,96,Operational Readiness and Reserve Mobilization,Unit Training and Readiness Cycle,G1
2014,doc_AY2014_357_para_355_2530.txt,2,117,"Strategic Command, Technology, and Multi-Domain Warfare",Headquarters Operations and Integration,G2
2014,doc_AY2014_364_para_362_2578.txt,1,103,"Strategic Command, Technology, and Multi-Domain Warfare",Unmanned Aerial Systems and Aviation Tech,G2
2014,doc_AY2014_364_para_362_2579.txt,1,223,"Strategic Command, Technology, and Multi-Domain Warfare",Unmanned Aerial Systems and Aviation Tech,G2
2014,doc_AY2014_364_para_362_2580.txt,1,103,"Strategic Command, Technology, and Multi-Domain Warfare",Unmanned Aerial Systems and Aviation Tech,G2
2014,doc_AY2014_364_para_362_2581.txt,1,129,"Strategic Command, Technology, and Multi-Domain Warfare",Unmanned Aerial Systems and Aviation Tech,G2
2014,doc_AY2014_364_para_362_2582.txt,1,119,"Strategic Command, Technology, and Multi-Domain Warfare",Unmanned Aerial Systems and Aviation Tech,G2
2014,doc_AY2014_364_para_362_2583.txt,1,113,"Strategic Command, Technology, and Multi-Domain Warfare",Unmanned Aerial Systems and Aviation Tech,G2
2014,doc_AY2014_364_para_362_2584.txt,1,180,"Strategic Command, Technology, and Multi-Domain Warfare",Unmanned Aerial Systems and Aviation Tech,G2
2014,doc_AY2014_364_para_362_2585.txt,1,96,"Strategic Command, Technology, and Multi-Domain Warfare",Unmanned Aerial Systems and Aviation Tech,G2
2014,doc_AY2014_364_para_362_2586.txt,1,144,"Strategic Command, Technology, and Multi-Domain Warfare",Unmanned Aerial Systems and Aviation Tech,G2
2014,doc_AY2014_369_para_367_2619.txt,10,122,Operational Readiness and Reserve Mobilization,Army Reserve and Active Component Integration,G1
2014,doc_AY2014_376_para_374_2666.txt,13,91,Operational Readiness and Reserve Mobilization,Brigade Combat Team Readiness,G1
2014,doc_AY2014_386_para_384_2738.txt,0,161,"Strategic Command, Technology, and Multi-Domain Warfare",Command Philosophy and Leadership Doctrine,G2
2015,doc_AY2015_005_para_389_2766.txt,10,153,Operational Readiness and Reserve Mobilization,Army Reserve and Active Component Integration,G1
2015,doc_AY2015_005_para_389_2769.txt,13,154,Operational Readiness and Reserve Mobilization,Brigade Combat Team Readiness,G1
2015,doc_AY2015_005_para_389_2770.txt,13,194,Operational Readiness and Reserve Mobilization,Brigade Combat Team Readiness,G1
2015,doc_AY2015_006_para_390_2771.txt,0,184,"Strategic Command, Technology, and Multi-Domain Warfare",Command Philosophy and Leadership Doctrine,G2
2015,doc_AY2015_011_para_395_2808.txt,9,159,Operational Readiness and Reserve Mobilization,Mobilization Processes for Reserves,G1
2015,doc_AY2015_014_para_398_2822.txt,5,110,"Strategic Command, Technology, and Multi-Domain Warfare",Defense Logistics and Enterprise Management,G2
2015,doc_AY2015_014_para_398_2823.txt,5,276,"Strategic Command, Technology, and Multi-Domain Warfare",Defense Logistics and Enterprise Management,G2
2015,doc_AY2015_014_para_398_2824.txt,20,88,Operational Readiness and Reserve Mobilization,Equipment Maintenance and Deployment Support,G1
2015,doc_AY2015_014_para_398_2825.txt,5,110,"Strategic Command, Technology, and Multi-Domain Warfare",Defense Logistics and Enterprise Management,G2
2015,doc_AY2015_014_para_398_2826.txt,5,95,"Strategic Command, Technology, and Multi-Domain Warfare",Defense Logistics and Enterprise Management,G2
2015,doc_AY2015_014_para_398_2827.txt,5,175,"Strategic Command, Technology, and Multi-Domain Warfare",Defense Logistics and Enterprise Management,G2
2015,doc_AY2015_014_para_398_2828.txt,5,142,"Strategic Command, Technology, and Multi-Domain Warfare",Defense Logistics and Enterprise Management,G2
2015,doc_AY2015_015_para_399_2829.txt,3,163,Operational Readiness and Reserve Mobilization,National Guard and Reserve Components,G1
2015,doc_AY2015_015_para_399_2830.txt,19,196,Operational Readiness and Reserve Mobilization,Sustainment and Modernization Efforts,G1
2015,doc_AY2015_015_para_399_2832.txt,9,99,Operational Readiness and Reserve Mobilization,Mobilization Processes for Reserves,G1
2015,doc_AY2015_018_para_402_2849.txt,2,128,"Strategic Command, Technology, and Multi-Domain Warfare",Headquarters Operations and Integration,G2
2015,doc_AY2015_018_para_402_2851.txt,19,162,Operational Readiness and Reserve Mobilization,Sustainment and Modernization Efforts,G1
2015,doc_AY2015_018_para_402_2852.txt,5,101,"Strategic Command, Technology, and Multi-Domain Warfare",Defense Logistics and Enterprise Management,G2
2015,doc_AY2015_018_para_402_2854.txt,10,115,Operational Readiness and Reserve Mobilization,Army Reserve and Active Component Integration,G1
2015,doc_AY2015_021_para_405_2868.txt,5,95,"Strategic Command, Technology, and Multi-Domain Warfare",Defense Logistics and Enterprise Management,G2
2015,doc_AY2015_021_para_405_2869.txt,5,64,"Strategic Command, Technology, and Multi-Domain Warfare",Defense Logistics and Enterprise Management,G2
2015,doc_AY2015_021_para_405_2871.txt,5,135,"Strategic Command, Technology, and Multi-Domain Warfare",Defense Logistics and Enterprise Management,G2
2015,doc_AY2015_021_para_405_2873.txt,5,86,"Strategic Command, Technology, and Multi-Domain Warfare",Defense Logistics and Enterprise Management,G2
2015,doc_AY2015_021_para_405_2874.txt,0,95,"Strategic Command, Technology, and Multi-Domain Warfare",Command Philosophy and Leadership Doctrine,G2
2015,doc_AY2015_021_para_405_2875.txt,5,106,"Strategic Command, Technology, and Multi-Domain Warfare",Defense Logistics and Enterprise Management,G2
2015,doc_AY2015_021_para_405_2876.txt,5,100,"Strategic Command, Technology, and Multi-Domain Warfare",Defense Logistics and Enterprise Management,G2
2015,doc_AY2015_021_para_405_2877.txt,5,156,"Strategic Command, Technology, and Multi-Domain Warfare",Defense Logistics and Enterprise Management,G2
2015,doc_AY2015_022_para_406_2879.txt,0,237,"Strategic Command, Technology, and Multi-Domain Warfare",Command Philosophy and Leadership Doctrine,G2
2015,doc_AY2015_030_para_414_2933.txt,10,202,Operational Readiness and Reserve Mobilization,Army Reserve and Active Component Integration,G1
2015,doc_AY2015_030_para_414_2935.txt,10,66,Operational Readiness and Reserve Mobilization,Army Reserve and Active Component Integration,G1
2015,doc_AY2015_030_para_414_2936.txt,10,69,Operational Readiness and Reserve Mobilization,Army Reserve and Active Component Integration,G1
2015,doc_AY2015_032_para_416_2945.txt,3,136,Operational Readiness and Reserve Mobilization,National Guard and Reserve Components,G1
2015,doc_AY2015_032_para_416_2946.txt,10,82,Operational Readiness and Reserve Mobilization,Army Reserve and Active Component Integration,G1
2015,doc_AY2015_032_para_416_2947.txt,3,90,Operational Readiness and Reserve Mobilization,National Guard and Reserve Components,G1
2015,doc_AY2015_032_para_416_2948.txt,13,123,Operational Readiness and Reserve Mobilization,Brigade Combat Team Readiness,G1
2015,doc_AY2015_032_para_416_2950.txt,20,101,Operational Readiness and Reserve Mobilization,Equipment Maintenance and Deployment Support,G1
2015,doc_AY2015_032_para_416_2951.txt,13,108,Operational Readiness and Reserve Mobilization,Brigade Combat Team Readiness,G1
2015,doc_AY2015_033_para_417_2952.txt,10,218,Operational Readiness and Reserve Mobilization,Army Reserve and Active Component Integration,G1
2015,doc_AY2015_033_para_417_2953.txt,6,101,Operational Readiness and Reserve Mobilization,Unit Training and Readiness Cycle,G1
2015,doc_AY2015_033_para_417_2954.txt,20,94,Operational Readiness and Reserve Mobilization,Equipment Maintenance and Deployment Support,G1
2015,doc_AY2015_033_para_417_2955.txt,19,171,Operational Readiness and Reserve Mobilization,Sustainment and Modernization Efforts,G1
2015,doc_AY2015_033_para_417_2956.txt,20,143,Operational Readiness and Reserve Mobilization,Equipment Maintenance and Deployment Support,G1
2015,doc_AY2015_033_para_417_2958.txt,6,154,Operational Readiness and Reserve Mobilization,Unit Training and Readiness Cycle,G1
2015,doc_AY2015_038_para_422_2990.txt,10,180,Operational Readiness and Reserve Mobilization,Army Reserve and Active Component Integration,G1
2015,doc_AY2015_038_para_422_2993.txt,2,203,"Strategic Command, Technology, and Multi-Domain Warfare",Headquarters Operations and Integration,G2
2015,doc_AY2015_038_para_422_2995.txt,2,108,"Strategic Command, Technology, and Multi-Domain Warfare",Headquarters Operations and Integration,G2
2015,doc_AY2015_038_para_422_2996.txt,10,110,Operational Readiness and Reserve Mobilization,Army Reserve and Active Component Integration,G1
2015,doc_AY2015_038_para_422_2997.txt,10,80,Operational Readiness and Reserve Mobilization,Army Reserve and Active Component Integration,G1
2015,doc_AY2015_040_para_424_3006.txt,10,263,Operational Readiness and Reserve Mobilization,Army Reserve and Active Component Integration,G1
2015,doc_AY2015_040_para_424_3011.txt,12,95,Operational Readiness and Reserve Mobilization,Leadership Development and Combat Planning,G1
2015,doc_AY2015_041_para_425_3012.txt,6,148,Operational Readiness and Reserve Mobilization,Unit Training and Readiness Cycle,G1
2015,doc_AY2015_041_para_425_3013.txt,10,221,Operational Readiness and Reserve Mobilization,Army Reserve and Active Component Integration,G1
2015,doc_AY2015_041_para_425_3014.txt,6,139,Operational Readiness and Reserve Mobilization,Unit Training and Readiness Cycle,G1
2015,doc_AY2015_041_para_425_3015.txt,16,117,Operational Readiness and Reserve Mobilization,Annual Training Requirements for Reserves,G1
2015,doc_AY2015_041_para_425_3016.txt,10,151,Operational Readiness and Reserve Mobilization,Army Reserve and Active Component Integration,G1
2015,doc_AY2015_041_para_425_3017.txt,13,166,Operational Readiness and Reserve Mobilization,Brigade Combat Team Readiness,G1
2015,doc_AY2015_041_para_425_3018.txt,6,123,Operational Readiness and Reserve Mobilization,Unit Training and Readiness Cycle,G1
2015,doc_AY2015_043_para_427_3030.txt,4,401,"Strategic Command, Technology, and Multi-Domain Warfare",Regional Alignment and Funding Support,G2
2015,doc_AY2015_047_para_431_3062.txt,2,132,"Strategic Command, Technology, and Multi-Domain Warfare",Headquarters Operations and Integration,G2
2015,doc_AY2015_049_para_433_3070.txt,0,166,"Strategic Command, Technology, and Multi-Domain Warfare",Command Philosophy and Leadership Doctrine,G2
2015,doc_AY2015_049_para_433_3071.txt,0,104,"Strategic Command, Technology, and Multi-Domain Warfare",Command Philosophy and Leadership Doctrine,G2
2015,doc_AY2015_049_para_433_3072.txt,0,165,"Strategic Command, Technology, and Multi-Domain Warfare",Command Philosophy and Leadership Doctrine,G2
2015,doc_AY2015_049_para_433_3074.txt,0,217,"Strategic Command, Technology, and Multi-Domain Warfare",Command Philosophy and Leadership Doctrine,G2
2015,doc_AY2015_049_para_433_3075.txt,0,115,"Strategic Command, Technology, and Multi-Domain Warfare",Command Philosophy and Leadership Doctrine,G2
2015,doc_AY2015_056_para_440_3123.txt,4,163,"Strategic Command, Technology, and Multi-Domain Warfare",Regional Alignment and Funding Support,G2
2015,doc_AY2015_056_para_440_3126.txt,0,112,"Strategic Command, Technology, and Multi-Domain Warfare",Command Philosophy and Leadership Doctrine,G2
2015,doc_AY2015_056_para_440_3129.txt,4,135,"Strategic Command, Technology, and Multi-Domain Warfare",Regional Alignment and Funding Support,G2
2015,doc_AY2015_063_para_447_3164.txt,0,305,"Strategic Command, Technology, and Multi-Domain Warfare",Command Philosophy and Leadership Doctrine,G2
2015,doc_AY2015_063_para_447_3165.txt,0,196,"Strategic Command, Technology, and Multi-Domain Warfare",Command Philosophy and Leadership Doctrine,G2
2015,doc_AY2015_063_para_447_3166.txt,0,149,"Strategic Command, Technology, and Multi-Domain Warfare",Command Philosophy and Leadership Doctrine,G2
2015,doc_AY2015_063_para_447_3169.txt,0,72,"Strategic Command, Technology, and Multi-Domain Warfare",Command Philosophy and Leadership Doctrine,G2
2015,doc_AY2015_063_para_447_3170.txt,0,116,"Strategic Command, Technology, and Multi-Domain Warfare",Command Philosophy and Leadership Doctrine,G2
2015,doc_AY2015_065_para_449_3180.txt,-1,27,Outlier,Outliers,G0
2015,doc_AY2015_069_para_453_3212.txt,4,87,"Strategic Command, Technology, and Multi-Domain Warfare",Regional Alignment and Funding Support,G2
2015,doc_AY2015_069_para_453_3216.txt,1,82,"Strategic Command, Technology, and Multi-Domain Warfare",Unmanned Aerial Systems and Aviation Tech,G2
2015,doc_AY2015_071_para_455_3234.txt,14,125,Operational Readiness and Reserve Mobilization,Operational Reserve Training and Mobilization,G1
2015,doc_AY2015_071_para_455_3235.txt,3,77,Operational Readiness and Reserve Mobilization,National Guard and Reserve Components,G1
2015,doc_AY2015_074_para_458_3247.txt,11,69,"Strategic Command, Technology, and Multi-Domain Warfare",Domain Warfare and Artillery Operations,G2
2015,doc_AY2015_078_para_462_3273.txt,0,233,"Strategic Command, Technology, and Multi-Domain Warfare",Command Philosophy and Leadership Doctrine,G2
2015,doc_AY2015_078_para_462_3274.txt,0,340,"Strategic Command, Technology, and Multi-Domain Warfare",Command Philosophy and Leadership Doctrine,G2
2015,doc_AY2015_078_para_462_3276.txt,0,265,"Strategic Command, Technology, and Multi-Domain Warfare",Command Philosophy and Leadership Doctrine,G2
2015,doc_AY2015_083_para_467_3303.txt,0,141,"Strategic Command, Technology, and Multi-Domain Warfare",Command Philosophy and Leadership Doctrine,G2
2015,doc_AY2015_083_para_467_3306.txt,0,64,"Strategic Command, Technology, and Multi-Domain Warfare",Command Philosophy and Leadership Doctrine,G2
2015,doc_AY2015_083_para_467_3307.txt,0,96,"Strategic Command, Technology, and Multi-Domain Warfare",Command Philosophy and Leadership Doctrine,G2
2015,doc_AY2015_087_para_471_3344.txt,0,57,"Strategic Command, Technology, and Multi-Domain Warfare",Command Philosophy and Leadership Doctrine,G2
2015,doc_AY2015_088_para_472_3348.txt,0,134,"Strategic Command, Technology, and Multi-Domain Warfare",Command Philosophy and Leadership Doctrine,G2
2015,doc_AY2015_089_para_473_3353.txt,0,204,"Strategic Command, Technology, and Multi-Domain Warfare",Command Philosophy and Leadership Doctrine,G2
2015,doc_AY2015_089_para_473_3354.txt,0,273,"Strategic Command, Technology, and Multi-Domain Warfare",Command Philosophy and Leadership Doctrine,G2
2015,doc_AY2015_089_para_473_3355.txt,12,213,Operational Readiness and Reserve Mobilization,Leadership Development and Combat Planning,G1
2015,doc_AY2015_089_para_473_3356.txt,0,208,"Strategic Command, Technology, and Multi-Domain Warfare",Command Philosophy and Leadership Doctrine,G2
2015,doc_AY2015_092_para_476_3366.txt,1,103,"Strategic Command, Technology, and Multi-Domain Warfare",Unmanned Aerial Systems and Aviation Tech,G2
2015,doc_AY2015_092_para_476_3367.txt,1,66,"Strategic Command, Technology, and Multi-Domain Warfare",Unmanned Aerial Systems and Aviation Tech,G2
2015,doc_AY2015_092_para_476_3368.txt,1,172,"Strategic Command, Technology, and Multi-Domain Warfare",Unmanned Aerial Systems and Aviation Tech,G2
2015,doc_AY2015_092_para_476_3369.txt,1,155,"Strategic Command, Technology, and Multi-Domain Warfare",Unmanned Aerial Systems and Aviation Tech,G2
2015,doc_AY2015_092_para_476_3370.txt,1,164,"Strategic Command, Technology, and Multi-Domain Warfare",Unmanned Aerial Systems and Aviation Tech,G2
2015,doc_AY2015_092_para_476_3371.txt,1,150,"Strategic Command, Technology, and Multi-Domain Warfare",Unmanned Aerial Systems and Aviation Tech,G2
2015,doc_AY2015_092_para_476_3372.txt,1,49,"Strategic Command, Technology, and Multi-Domain Warfare",Unmanned Aerial Systems and Aviation Tech,G2
2015,doc_AY2015_098_para_482_3409.txt,1,170,"Strategic Command, Technology, and Multi-Domain Warfare",Unmanned Aerial Systems and Aviation Tech,G2
2015,doc_AY2015_098_para_482_3410.txt,1,160,"Strategic Command, Technology, and Multi-Domain Warfare",Unmanned Aerial Systems and Aviation Tech,G2
2015,doc_AY2015_098_para_482_3411.txt,1,189,"Strategic Command, Technology, and Multi-Domain Warfare",Unmanned Aerial Systems and Aviation Tech,G2
2015,doc_AY2015_098_para_482_3412.txt,1,130,"Strategic Command, Technology, and Multi-Domain Warfare",Unmanned Aerial Systems and Aviation Tech,G2
2015,doc_AY2015_098_para_482_3414.txt,1,103,"Strategic Command, Technology, and Multi-Domain Warfare",Unmanned Aerial Systems and Aviation Tech,G2
2015,doc_AY2015_105_para_489_3459.txt,13,160,Operational Readiness and Reserve Mobilization,Brigade Combat Team Readiness,G1
2015,doc_AY2015_105_para_489_3460.txt,14,216,Operational Readiness and Reserve Mobilization,Operational Reserve Training and Mobilization,G1
2015,doc_AY2015_107_para_491_3473.txt,15,141,"Strategic Command, Technology, and Multi-Domain Warfare",Artillery and Missile Capability Integration,G2
2015,doc_AY2015_107_para_491_3474.txt,11,122,"Strategic Command, Technology, and Multi-Domain Warfare",Domain Warfare and Artillery Operations,G2
2015,doc_AY2015_107_para_491_3475.txt,7,170,"Strategic Command, Technology, and Multi-Domain Warfare",Multi-Domain Operations Concepts,G2
2015,doc_AY2015_107_para_491_3476.txt,7,184,"Strategic Command, Technology, and Multi-Domain Warfare",Multi-Domain Operations Concepts,G2
2015,doc_AY2015_107_para_491_3477.txt,7,103,"Strategic Command, Technology, and Multi-Domain Warfare",Multi-Domain Operations Concepts,G2
2015,doc_AY2015_107_para_491_3478.txt,2,143,"Strategic Command, Technology, and Multi-Domain Warfare",Headquarters Operations and Integration,G2
2015,doc_AY2015_107_para_491_3479.txt,7,153,"Strategic Command, Technology, and Multi-Domain Warfare",Multi-Domain Operations Concepts,G2
2015,doc_AY2015_114_para_498_3526.txt,3,153,Operational Readiness and Reserve Mobilization,National Guard and Reserve Components,G1
2015,doc_AY2015_114_para_498_3530.txt,0,190,"Strategic Command, Technology, and Multi-Domain Warfare",Command Philosophy and Leadership Doctrine,G2
2015,doc_AY2015_117_para_501_3553.txt,2,104,"Strategic Command, Technology, and Multi-Domain Warfare",Headquarters Operations and Integration,G2
2015,doc_AY2015_122_para_506_3590.txt,2,102,"Strategic Command, Technology, and Multi-Domain Warfare",Headquarters Operations and Integration,G2
2015,doc_AY2015_122_para_506_3592.txt,2,135,"Strategic Command, Technology, and Multi-Domain Warfare",Headquarters Operations and Integration,G2
2015,doc_AY2015_130_para_514_3645.txt,0,159,"Strategic Command, Technology, and Multi-Domain Warfare",Command Philosophy and Leadership Doctrine,G2
2015,doc_AY2015_130_para_514_3646.txt,0,134,"Strategic Command, Technology, and Multi-Domain Warfare",Command Philosophy and Leadership Doctrine,G2
2015,doc_AY2015_130_para_514_3648.txt,0,117,"Strategic Command, Technology, and Multi-Domain Warfare",Command Philosophy and Leadership Doctrine,G2
2015,doc_AY2015_130_para_514_3649.txt,0,70,"Strategic Command, Technology, and Multi-Domain Warfare",Command Philosophy and Leadership Doctrine,G2
2015,doc_AY2015_130_para_514_3650.txt,12,168,Operational Readiness and Reserve Mobilization,Leadership Development and Combat Planning,G1
2015,doc_AY2015_133_para_517_3665.txt,0,80,"Strategic Command, Technology, and Multi-Domain Warfare",Command Philosophy and Leadership Doctrine,G2
2015,doc_AY2015_133_para_517_3666.txt,19,171,Operational Readiness and Reserve Mobilization,Sustainment and Modernization Efforts,G1
2015,doc_AY2015_133_para_517_3667.txt,19,201,Operational Readiness and Reserve Mobilization,Sustainment and Modernization Efforts,G1
2015,doc_AY2015_136_para_520_3690.txt,5,170,"Strategic Command, Technology, and Multi-Domain Warfare",Defense Logistics and Enterprise Management,G2
2015,doc_AY2015_140_para_524_3726.txt,0,194,"Strategic Command, Technology, and Multi-Domain Warfare",Command Philosophy and Leadership Doctrine,G2
2015,doc_AY2015_140_para_524_3727.txt,0,219,"Strategic Command, Technology, and Multi-Domain Warfare",Command Philosophy and Leadership Doctrine,G2
2015,doc_AY2015_140_para_524_3728.txt,0,81,"Strategic Command, Technology, and Multi-Domain Warfare",Command Philosophy and Leadership Doctrine,G2
2015,doc_AY2015_140_para_524_3729.txt,0,219,"Strategic Command, Technology, and Multi-Domain Warfare",Command Philosophy and Leadership Doctrine,G2
2015,doc_AY2015_146_para_530_3768.txt,0,153,"Strategic Command, Technology, and Multi-Domain Warfare",Command Philosophy and Leadership Doctrine,G2
2015,doc_AY2015_150_para_534_3789.txt,10,111,Operational Readiness and Reserve Mobilization,Army Reserve and Active Component Integration,G1
2015,doc_AY2015_152_para_536_3809.txt,1,83,"Strategic Command, Technology, and Multi-Domain Warfare",Unmanned Aerial Systems and Aviation Tech,G2
2015,doc_AY2015_152_para_536_3810.txt,1,90,"Strategic Command, Technology, and Multi-Domain Warfare",Unmanned Aerial Systems and Aviation Tech,G2
2015,doc_AY2015_155_para_539_3833.txt,2,81,"Strategic Command, Technology, and Multi-Domain Warfare",Headquarters Operations and Integration,G2
2015,doc_AY2015_155_para_539_3834.txt,2,121,"Strategic Command, Technology, and Multi-Domain Warfare",Headquarters Operations and Integration,G2
2015,doc_AY2015_155_para_539_3835.txt,2,172,"Strategic Command, Technology, and Multi-Domain Warfare",Headquarters Operations and Integration,G2
2015,doc_AY2015_155_para_539_3836.txt,2,182,"Strategic Command, Technology, and Multi-Domain Warfare",Headquarters Operations and Integration,G2
2015,doc_AY2015_155_para_539_3837.txt,2,119,"Strategic Command, Technology, and Multi-Domain Warfare",Headquarters Operations and Integration,G2
2015,doc_AY2015_156_para_540_3842.txt,-1,133,Outlier,Outliers,G0
2015,doc_AY2015_158_para_542_3853.txt,2,145,"Strategic Command, Technology, and Multi-Domain Warfare",Headquarters Operations and Integration,G2
2015,doc_AY2015_165_para_549_3909.txt,12,221,Operational Readiness and Reserve Mobilization,Leadership Development and Combat Planning,G1
2015,doc_AY2015_165_para_549_3911.txt,12,283,Operational Readiness and Reserve Mobilization,Leadership Development and Combat Planning,G1
2015,doc_AY2015_165_para_549_3912.txt,12,231,Operational Readiness and Reserve Mobilization,Leadership Development and Combat Planning,G1
2015,doc_AY2015_165_para_549_3914.txt,12,160,Operational Readiness and Reserve Mobilization,Leadership Development and Combat Planning,G1
2015,doc_AY2015_165_para_549_3915.txt,16,110,Operational Readiness and Reserve Mobilization,Annual Training Requirements for Reserves,G1
2015,doc_AY2015_168_para_552_3939.txt,1,108,"Strategic Command, Technology, and Multi-Domain Warfare",Unmanned Aerial Systems and Aviation Tech,G2
2015,doc_AY2015_169_para_553_3946.txt,2,121,"Strategic Command, Technology, and Multi-Domain Warfare",Headquarters Operations and Integration,G2
2015,doc_AY2015_169_para_553_3947.txt,0,115,"Strategic Command, Technology, and Multi-Domain Warfare",Command Philosophy and Leadership Doctrine,G2
2015,doc_AY2015_169_para_553_3950.txt,2,122,"Strategic Command, Technology, and Multi-Domain Warfare",Headquarters Operations and Integration,G2
2015,doc_AY2015_169_para_553_3951.txt,2,153,"Strategic Command, Technology, and Multi-Domain Warfare",Headquarters Operations and Integration,G2
2015,doc_AY2015_170_para_554_3957.txt,6,171,Operational Readiness and Reserve Mobilization,Unit Training and Readiness Cycle,G1
2015,doc_AY2015_170_para_554_3958.txt,12,155,Operational Readiness and Reserve Mobilization,Leadership Development and Combat Planning,G1
2015,doc_AY2015_177_para_561_3994.txt,0,215,"Strategic Command, Technology, and Multi-Domain Warfare",Command Philosophy and Leadership Doctrine,G2
2015,doc_AY2015_177_para_561_3997.txt,0,161,"Strategic Command, Technology, and Multi-Domain Warfare",Command Philosophy and Leadership Doctrine,G2
2015,doc_AY2015_178_para_562_3999.txt,15,97,"Strategic Command, Technology, and Multi-Domain Warfare",Artillery and Missile Capability Integration,G2
2015,doc_AY2015_178_para_562_4005.txt,2,116,"Strategic Command, Technology, and Multi-Domain Warfare",Headquarters Operations and Integration,G2
2015,doc_AY2015_178_para_562_4006.txt,2,103,"Strategic Command, Technology, and Multi-Domain Warfare",Headquarters Operations and Integration,G2
2015,doc_AY2015_194_para_578_4122.txt,13,216,Operational Readiness and Reserve Mobilization,Brigade Combat Team Readiness,G1
2015,doc_AY2015_196_para_580_4127.txt,0,164,"Strategic Command, Technology, and Multi-Domain Warfare",Command Philosophy and Leadership Doctrine,G2
2015,doc_AY2015_196_para_580_4131.txt,0,93,"Strategic Command, Technology, and Multi-Domain Warfare",Command Philosophy and Leadership Doctrine,G2
2015,doc_AY2015_201_para_585_4167.txt,4,138,"Strategic Command, Technology, and Multi-Domain Warfare",Regional Alignment and Funding Support,G2
2015,doc_AY2015_201_para_585_4168.txt,2,213,"Strategic Command, Technology, and Multi-Domain Warfare",Headquarters Operations and Integration,G2
2015,doc_AY2015_201_para_585_4170.txt,3,130,Operational Readiness and Reserve Mobilization,National Guard and Reserve Components,G1
2015,doc_AY2015_201_para_585_4172.txt,14,133,Operational Readiness and Reserve Mobilization,Operational Reserve Training and Mobilization,G1
2015,doc_AY2015_201_para_585_4173.txt,2,118,"Strategic Command, Technology, and Multi-Domain Warfare",Headquarters Operations and Integration,G2
2015,doc_AY2015_218_para_602_4292.txt,0,98,"Strategic Command, Technology, and Multi-Domain Warfare",Command Philosophy and Leadership Doctrine,G2
2015,doc_AY2015_219_para_603_4293.txt,0,164,"Strategic Command, Technology, and Multi-Domain Warfare",Command Philosophy and Leadership Doctrine,G2
2015,doc_AY2015_219_para_603_4294.txt,2,130,"Strategic Command, Technology, and Multi-Domain Warfare",Headquarters Operations and Integration,G2
2015,doc_AY2015_219_para_603_4297.txt,0,86,"Strategic Command, Technology, and Multi-Domain Warfare",Command Philosophy and Leadership Doctrine,G2
2015,doc_AY2015_219_para_603_4301.txt,0,114,"Strategic Command, Technology, and Multi-Domain Warfare",Command Philosophy and Leadership Doctrine,G2
2015,doc_AY2015_236_para_620_4404.txt,0,176,"Strategic Command, Technology, and Multi-Domain Warfare",Command Philosophy and Leadership Doctrine,G2
2015,doc_AY2015_238_para_622_4413.txt,14,95,Operational Readiness and Reserve Mobilization,Operational Reserve Training and Mobilization,G1
2015,doc_AY2015_238_para_622_4416.txt,18,93,Operational Readiness and Reserve Mobilization,Reserve Support and Mobilization Duties,G1
2015,doc_AY2015_238_para_622_4417.txt,2,98,"Strategic Command, Technology, and Multi-Domain Warfare",Headquarters Operations and Integration,G2
2015,doc_AY2015_238_para_622_4419.txt,2,84,"Strategic Command, Technology, and Multi-Domain Warfare",Headquarters Operations and Integration,G2
2015,doc_AY2015_241_para_625_4437.txt,4,197,"Strategic Command, Technology, and Multi-Domain Warfare",Regional Alignment and Funding Support,G2
2015,doc_AY2015_241_para_625_4438.txt,4,123,"Strategic Command, Technology, and Multi-Domain Warfare",Regional Alignment and Funding Support,G2
2015,doc_AY2015_241_para_625_4447.txt,4,107,"Strategic Command, Technology, and Multi-Domain Warfare",Regional Alignment and Funding Support,G2
2015,doc_AY2015_243_para_627_4454.txt,0,83,"Strategic Command, Technology, and Multi-Domain Warfare",Command Philosophy and Leadership Doctrine,G2
2015,doc_AY2015_243_para_627_4456.txt,0,144,"Strategic Command, Technology, and Multi-Domain Warfare",Command Philosophy and Leadership Doctrine,G2
2015,doc_AY2015_243_para_627_4457.txt,0,144,"Strategic Command, Technology, and Multi-Domain Warfare",Command Philosophy and Leadership Doctrine,G2
2015,doc_AY2015_243_para_627_4458.txt,0,84,"Strategic Command, Technology, and Multi-Domain Warfare",Command Philosophy and Leadership Doctrine,G2
2015,doc_AY2015_244_para_628_4459.txt,19,174,Operational Readiness and Reserve Mobilization,Sustainment and Modernization Efforts,G1
2015,doc_AY2015_247_para_631_4478.txt,13,162,Operational Readiness and Reserve Mobilization,Brigade Combat Team Readiness,G1
2015,doc_AY2015_257_para_641_4552.txt,13,229,Operational Readiness and Reserve Mobilization,Brigade Combat Team Readiness,G1
2015,doc_AY2015_257_para_641_4553.txt,20,166,Operational Readiness and Reserve Mobilization,Equipment Maintenance and Deployment Support,G1
2015,doc_AY2015_257_para_641_4554.txt,19,183,Operational Readiness and Reserve Mobilization,Sustainment and Modernization Efforts,G1
2015,doc_AY2015_265_para_649_4594.txt,2,128,"Strategic Command, Technology, and Multi-Domain Warfare",Headquarters Operations and Integration,G2
2015,doc_AY2015_265_para_649_4596.txt,2,152,"Strategic Command, Technology, and Multi-Domain Warfare",Headquarters Operations and Integration,G2
2015,doc_AY2015_265_para_649_4597.txt,2,116,"Strategic Command, Technology, and Multi-Domain Warfare",Headquarters Operations and Integration,G2
2015,doc_AY2015_271_para_655_4634.txt,17,150,"Strategic Command, Technology, and Multi-Domain Warfare",Security Force Assistance Brigades,G2
2015,doc_AY2015_271_para_655_4635.txt,4,153,"Strategic Command, Technology, and Multi-Domain Warfare",Regional Alignment and Funding Support,G2
2015,doc_AY2015_271_para_655_4636.txt,10,164,Operational Readiness and Reserve Mobilization,Army Reserve and Active Component Integration,G1
2015,doc_AY2015_273_para_657_4646.txt,0,132,"Strategic Command, Technology, and Multi-Domain Warfare",Command Philosophy and Leadership Doctrine,G2
2015,doc_AY2015_279_para_663_4698.txt,4,214,"Strategic Command, Technology, and Multi-Domain Warfare",Regional Alignment and Funding Support,G2
2015,doc_AY2015_279_para_663_4699.txt,4,185,"Strategic Command, Technology, and Multi-Domain Warfare",Regional Alignment and Funding Support,G2
2015,doc_AY2015_280_para_664_4700.txt,4,85,"Strategic Command, Technology, and Multi-Domain Warfare",Regional Alignment and Funding Support,G2
2015,doc_AY2015_280_para_664_4705.txt,4,147,"Strategic Command, Technology, and Multi-Domain Warfare",Regional Alignment and Funding Support,G2
2015,doc_AY2015_281_para_665_4706.txt,4,200,"Strategic Command, Technology, and Multi-Domain Warfare",Regional Alignment and Funding Support,G2
2015,doc_AY2015_281_para_665_4711.txt,4,99,"Strategic Command, Technology, and Multi-Domain Warfare",Regional Alignment and Funding Support,G2
2015,doc_AY2015_282_para_666_4712.txt,4,149,"Strategic Command, Technology, and Multi-Domain Warfare",Regional Alignment and Funding Support,G2
2015,doc_AY2015_282_para_666_4713.txt,4,110,"Strategic Command, Technology, and Multi-Domain Warfare",Regional Alignment and Funding Support,G2
2015,doc_AY2015_282_para_666_4715.txt,4,147,"Strategic Command, Technology, and Multi-Domain Warfare",Regional Alignment and Funding Support,G2
2015,doc_AY2015_282_para_666_4716.txt,13,149,Operational Readiness and Reserve Mobilization,Brigade Combat Team Readiness,G1
2015,doc_AY2015_282_para_666_4717.txt,2,149,"Strategic Command, Technology, and Multi-Domain Warfare",Headquarters Operations and Integration,G2
2015,doc_AY2015_282_para_666_4718.txt,4,157,"Strategic Command, Technology, and Multi-Domain Warfare",Regional Alignment and Funding Support,G2
2015,doc_AY2015_283_para_667_4719.txt,4,111,"Strategic Command, Technology, and Multi-Domain Warfare",Regional Alignment and Funding Support,G2
2015,doc_AY2015_283_para_667_4720.txt,4,119,"Strategic Command, Technology, and Multi-Domain Warfare",Regional Alignment and Funding Support,G2
2015,doc_AY2015_283_para_667_4721.txt,4,172,"Strategic Command, Technology, and Multi-Domain Warfare",Regional Alignment and Funding Support,G2
2015,doc_AY2015_283_para_667_4722.txt,4,139,"Strategic Command, Technology, and Multi-Domain Warfare",Regional Alignment and Funding Support,G2
2015,doc_AY2015_283_para_667_4724.txt,13,160,Operational Readiness and Reserve Mobilization,Brigade Combat Team Readiness,G1
2015,doc_AY2015_287_para_671_4744.txt,10,236,Operational Readiness and Reserve Mobilization,Army Reserve and Active Component Integration,G1
2015,doc_AY2015_287_para_671_4748.txt,19,168,Operational Readiness and Reserve Mobilization,Sustainment and Modernization Efforts,G1
2015,doc_AY2015_290_para_674_4768.txt,2,225,"Strategic Command, Technology, and Multi-Domain Warfare",Headquarters Operations and Integration,G2
2015,doc_AY2015_291_para_675_4770.txt,10,152,Operational Readiness and Reserve Mobilization,Army Reserve and Active Component Integration,G1
2015,doc_AY2015_291_para_675_4771.txt,3,141,Operational Readiness and Reserve Mobilization,National Guard and Reserve Components,G1
2015,doc_AY2015_291_para_675_4772.txt,9,100,Operational Readiness and Reserve Mobilization,Mobilization Processes for Reserves,G1
2015,doc_AY2015_291_para_675_4774.txt,4,134,"Strategic Command, Technology, and Multi-Domain Warfare",Regional Alignment and Funding Support,G2
2015,doc_AY2015_291_para_675_4775.txt,20,89,Operational Readiness and Reserve Mobilization,Equipment Maintenance and Deployment Support,G1
2015,doc_AY2015_291_para_675_4776.txt,9,93,Operational Readiness and Reserve Mobilization,Mobilization Processes for Reserves,G1
2015,doc_AY2015_291_para_675_4777.txt,4,62,"Strategic Command, Technology, and Multi-Domain Warfare",Regional Alignment and Funding Support,G2
2015,doc_AY2015_295_para_679_4803.txt,8,83,"Strategic Command, Technology, and Multi-Domain Warfare",Additive Manufacturing Technologies,G2
2015,doc_AY2015_295_para_679_4804.txt,1,93,"Strategic Command, Technology, and Multi-Domain Warfare",Unmanned Aerial Systems and Aviation Tech,G2
2015,doc_AY2015_296_para_680_4808.txt,3,153,Operational Readiness and Reserve Mobilization,National Guard and Reserve Components,G1
2015,doc_AY2015_296_para_680_4810.txt,19,171,Operational Readiness and Reserve Mobilization,Sustainment and Modernization Efforts,G1
2015,doc_AY2015_296_para_680_4812.txt,1,95,"Strategic Command, Technology, and Multi-Domain Warfare",Unmanned Aerial Systems and Aviation Tech,G2
2015,doc_AY2015_296_para_680_4814.txt,19,100,Operational Readiness and Reserve Mobilization,Sustainment and Modernization Efforts,G1
2015,doc_AY2015_296_para_680_4816.txt,20,115,Operational Readiness and Reserve Mobilization,Equipment Maintenance and Deployment Support,G1
2015,doc_AY2015_308_para_692_4896.txt,20,157,Operational Readiness and Reserve Mobilization,Equipment Maintenance and Deployment Support,G1
2015,doc_AY2015_308_para_692_4898.txt,0,116,"Strategic Command, Technology, and Multi-Domain Warfare",Command Philosophy and Leadership Doctrine,G2
2015,doc_AY2015_319_para_703_4968.txt,10,184,Operational Readiness and Reserve Mobilization,Army Reserve and Active Component Integration,G1
2015,doc_AY2015_319_para_703_4969.txt,10,338,Operational Readiness and Reserve Mobilization,Army Reserve and Active Component Integration,G1
2015,doc_AY2015_319_para_703_4970.txt,10,249,Operational Readiness and Reserve Mobilization,Army Reserve and Active Component Integration,G1
2015,doc_AY2015_319_para_703_4971.txt,10,175,Operational Readiness and Reserve Mobilization,Army Reserve and Active Component Integration,G1
2015,doc_AY2015_319_para_703_4972.txt,10,119,Operational Readiness and Reserve Mobilization,Army Reserve and Active Component Integration,G1
2015,doc_AY2015_319_para_703_4973.txt,10,125,Operational Readiness and Reserve Mobilization,Army Reserve and Active Component Integration,G1
2015,doc_AY2015_321_para_705_4979.txt,1,141,"Strategic Command, Technology, and Multi-Domain Warfare",Unmanned Aerial Systems and Aviation Tech,G2
2015,doc_AY2015_321_para_705_4980.txt,1,129,"Strategic Command, Technology, and Multi-Domain Warfare",Unmanned Aerial Systems and Aviation Tech,G2
2015,doc_AY2015_321_para_705_4981.txt,1,234,"Strategic Command, Technology, and Multi-Domain Warfare",Unmanned Aerial Systems and Aviation Tech,G2
2015,doc_AY2015_321_para_705_4982.txt,1,156,"Strategic Command, Technology, and Multi-Domain Warfare",Unmanned Aerial Systems and Aviation Tech,G2
2015,doc_AY2015_321_para_705_4983.txt,2,164,"Strategic Command, Technology, and Multi-Domain Warfare",Headquarters Operations and Integration,G2
2015,doc_AY2015_321_para_705_4984.txt,1,111,"Strategic Command, Technology, and Multi-Domain Warfare",Unmanned Aerial Systems and Aviation Tech,G2
2015,doc_AY2015_321_para_705_4985.txt,1,105,"Strategic Command, Technology, and Multi-Domain Warfare",Unmanned Aerial Systems and Aviation Tech,G2
2015,doc_AY2015_327_para_711_5020.txt,0,162,"Strategic Command, Technology, and Multi-Domain Warfare",Command Philosophy and Leadership Doctrine,G2
2015,doc_AY2015_328_para_712_5029.txt,6,103,Operational Readiness and Reserve Mobilization,Unit Training and Readiness Cycle,G1
2015,doc_AY2015_328_para_712_5030.txt,10,86,Operational Readiness and Reserve Mobilization,Army Reserve and Active Component Integration,G1
2015,doc_AY2015_333_para_717_5061.txt,4,220,"Strategic Command, Technology, and Multi-Domain Warfare",Regional Alignment and Funding Support,G2
2015,doc_AY2015_333_para_717_5062.txt,10,167,Operational Readiness and Reserve Mobilization,Army Reserve and Active Component Integration,G1
2015,doc_AY2015_333_para_717_5065.txt,10,101,Operational Readiness and Reserve Mobilization,Army Reserve and Active Component Integration,G1
2015,doc_AY2015_333_para_717_5067.txt,10,169,Operational Readiness and Reserve Mobilization,Army Reserve and Active Component Integration,G1
2015,doc_AY2015_334_para_718_5070.txt,1,167,"Strategic Command, Technology, and Multi-Domain Warfare",Unmanned Aerial Systems and Aviation Tech,G2
2015,doc_AY2015_334_para_718_5073.txt,2,142,"Strategic Command, Technology, and Multi-Domain Warfare",Headquarters Operations and Integration,G2
2015,doc_AY2015_335_para_719_5078.txt,0,165,"Strategic Command, Technology, and Multi-Domain Warfare",Command Philosophy and Leadership Doctrine,G2
2015,doc_AY2015_336_para_720_5084.txt,0,118,"Strategic Command, Technology, and Multi-Domain Warfare",Command Philosophy and Leadership Doctrine,G2
2015,doc_AY2015_338_para_722_5097.txt,15,276,"Strategic Command, Technology, and Multi-Domain Warfare",Artillery and Missile Capability Integration,G2
2015,doc_AY2015_338_para_722_5098.txt,2,146,"Strategic Command, Technology, and Multi-Domain Warfare",Headquarters Operations and Integration,G2
2015,doc_AY2015_338_para_722_5099.txt,2,108,"Strategic Command, Technology, and Multi-Domain Warfare",Headquarters Operations and Integration,G2
2015,doc_AY2015_338_para_722_5100.txt,2,112,"Strategic Command, Technology, and Multi-Domain Warfare",Headquarters Operations and Integration,G2
2015,doc_AY2015_338_para_722_5102.txt,2,93,"Strategic Command, Technology, and Multi-Domain Warfare",Headquarters Operations and Integration,G2
2015,doc_AY2015_340_para_724_5113.txt,0,228,"Strategic Command, Technology, and Multi-Domain Warfare",Command Philosophy and Leadership Doctrine,G2
2015,doc_AY2015_340_para_724_5114.txt,0,71,"Strategic Command, Technology, and Multi-Domain Warfare",Command Philosophy and Leadership Doctrine,G2
2015,doc_AY2015_342_para_726_5125.txt,4,191,"Strategic Command, Technology, and Multi-Domain Warfare",Regional Alignment and Funding Support,G2
2015,doc_AY2015_342_para_726_5128.txt,3,156,Operational Readiness and Reserve Mobilization,National Guard and Reserve Components,G1
2015,doc_AY2015_342_para_726_5130.txt,4,64,"Strategic Command, Technology, and Multi-Domain Warfare",Regional Alignment and Funding Support,G2
2015,doc_AY2015_344_para_728_5145.txt,3,130,Operational Readiness and Reserve Mobilization,National Guard and Reserve Components,G1
2015,doc_AY2015_344_para_728_5146.txt,3,151,Operational Readiness and Reserve Mobilization,National Guard and Reserve Components,G1
2015,doc_AY2015_348_para_732_5168.txt,7,139,"Strategic Command, Technology, and Multi-Domain Warfare",Multi-Domain Operations Concepts,G2
2015,doc_AY2015_350_para_734_5181.txt,6,75,Operational Readiness and Reserve Mobilization,Unit Training and Readiness Cycle,G1
2015,doc_AY2015_350_para_734_5184.txt,3,82,Operational Readiness and Reserve Mobilization,National Guard and Reserve Components,G1
2015,doc_AY2015_351_para_735_5186.txt,14,73,Operational Readiness and Reserve Mobilization,Operational Reserve Training and Mobilization,G1
2015,doc_AY2015_351_para_735_5187.txt,14,121,Operational Readiness and Reserve Mobilization,Operational Reserve Training and Mobilization,G1
2015,doc_AY2015_351_para_735_5191.txt,4,123,"Strategic Command, Technology, and Multi-Domain Warfare",Regional Alignment and Funding Support,G2
2015,doc_AY2015_351_para_735_5192.txt,4,68,"Strategic Command, Technology, and Multi-Domain Warfare",Regional Alignment and Funding Support,G2
2015,doc_AY2015_351_para_735_5193.txt,13,52,Operational Readiness and Reserve Mobilization,Brigade Combat Team Readiness,G1
2015,doc_AY2015_351_para_735_5194.txt,14,106,Operational Readiness and Reserve Mobilization,Operational Reserve Training and Mobilization,G1
2015,doc_AY2015_351_para_735_5195.txt,2,75,"Strategic Command, Technology, and Multi-Domain Warfare",Headquarters Operations and Integration,G2
2015,doc_AY2015_351_para_735_5196.txt,10,105,Operational Readiness and Reserve Mobilization,Army Reserve and Active Component Integration,G1
2015,doc_AY2015_351_para_735_5197.txt,18,149,Operational Readiness and Reserve Mobilization,Reserve Support and Mobilization Duties,G1
2015,doc_AY2015_351_para_735_5198.txt,2,115,"Strategic Command, Technology, and Multi-Domain Warfare",Headquarters Operations and Integration,G2
2015,doc_AY2015_351_para_735_5200.txt,18,87,Operational Readiness and Reserve Mobilization,Reserve Support and Mobilization Duties,G1
2015,doc_AY2015_352_para_736_5204.txt,13,170,Operational Readiness and Reserve Mobilization,Brigade Combat Team Readiness,G1
2015,doc_AY2015_352_para_736_5207.txt,13,144,Operational Readiness and Reserve Mobilization,Brigade Combat Team Readiness,G1
2015,doc_AY2015_352_para_736_5208.txt,19,86,Operational Readiness and Reserve Mobilization,Sustainment and Modernization Efforts,G1
2015,doc_AY2015_352_para_736_5209.txt,3,85,Operational Readiness and Reserve Mobilization,National Guard and Reserve Components,G1
2015,doc_AY2015_358_para_742_5258.txt,1,164,"Strategic Command, Technology, and Multi-Domain Warfare",Unmanned Aerial Systems and Aviation Tech,G2
2015,doc_AY2015_358_para_742_5264.txt,2,142,"Strategic Command, Technology, and Multi-Domain Warfare",Headquarters Operations and Integration,G2
2015,doc_AY2015_363_para_747_5297.txt,4,147,"Strategic Command, Technology, and Multi-Domain Warfare",Regional Alignment and Funding Support,G2
2015,doc_AY2015_371_para_755_5344.txt,0,165,"Strategic Command, Technology, and Multi-Domain Warfare",Command Philosophy and Leadership Doctrine,G2
2015,doc_AY2015_372_para_756_5348.txt,3,100,Operational Readiness and Reserve Mobilization,National Guard and Reserve Components,G1
2015,doc_AY2015_372_para_756_5353.txt,2,137,"Strategic Command, Technology, and Multi-Domain Warfare",Headquarters Operations and Integration,G2
2015,doc_AY2015_372_para_756_5354.txt,17,100,"Strategic Command, Technology, and Multi-Domain Warfare",Security Force Assistance Brigades,G2
2015,doc_AY2015_374_para_758_5363.txt,1,157,"Strategic Command, Technology, and Multi-Domain Warfare",Unmanned Aerial Systems and Aviation Tech,G2
2015,doc_AY2015_375_para_759_5371.txt,1,117,"Strategic Command, Technology, and Multi-Domain Warfare",Unmanned Aerial Systems and Aviation Tech,G2
2015,doc_AY2015_375_para_759_5377.txt,1,98,"Strategic Command, Technology, and Multi-Domain Warfare",Unmanned Aerial Systems and Aviation Tech,G2
2015,doc_AY2015_375_para_759_5378.txt,1,115,"Strategic Command, Technology, and Multi-Domain Warfare",Unmanned Aerial Systems and Aviation Tech,G2
2015,doc_AY2015_376_para_760_5379.txt,3,162,Operational Readiness and Reserve Mobilization,National Guard and Reserve Components,G1
2015,doc_AY2015_376_para_760_5380.txt,14,112,Operational Readiness and Reserve Mobilization,Operational Reserve Training and Mobilization,G1
2015,doc_AY2015_376_para_760_5384.txt,3,92,Operational Readiness and Reserve Mobilization,National Guard and Reserve Components,G1
2015,doc_AY2015_390_para_774_5502.txt,0,240,"Strategic Command, Technology, and Multi-Domain Warfare",Command Philosophy and Leadership Doctrine,G2
2015,doc_AY2015_390_para_774_5505.txt,0,111,"Strategic Command, Technology, and Multi-Domain Warfare",Command Philosophy and Leadership Doctrine,G2
2015,doc_AY2015_397_para_781_5539.txt,10,138,Operational Readiness and Reserve Mobilization,Army Reserve and Active Component Integration,G1
2015,doc_AY2015_397_para_781_5541.txt,12,116,Operational Readiness and Reserve Mobilization,Leadership Development and Combat Planning,G1
2015,doc_AY2015_397_para_781_5543.txt,2,119,"Strategic Command, Technology, and Multi-Domain Warfare",Headquarters Operations and Integration,G2
2015,doc_AY2015_397_para_781_5544.txt,13,123,Operational Readiness and Reserve Mobilization,Brigade Combat Team Readiness,G1
2015,doc_AY2015_397_para_781_5546.txt,2,89,"Strategic Command, Technology, and Multi-Domain Warfare",Headquarters Operations and Integration,G2
2015,doc_AY2015_397_para_781_5548.txt,6,96,Operational Readiness and Reserve Mobilization,Unit Training and Readiness Cycle,G1
2015,doc_AY2015_397_para_781_5549.txt,20,101,Operational Readiness and Reserve Mobilization,Equipment Maintenance and Deployment Support,G1
2015,doc_AY2015_397_para_781_5550.txt,2,124,"Strategic Command, Technology, and Multi-Domain Warfare",Headquarters Operations and Integration,G2
2015,doc_AY2015_404_para_788_5599.txt,0,179,"Strategic Command, Technology, and Multi-Domain Warfare",Command Philosophy and Leadership Doctrine,G2
2015,doc_AY2015_404_para_788_5600.txt,0,170,"Strategic Command, Technology, and Multi-Domain Warfare",Command Philosophy and Leadership Doctrine,G2
2015,doc_AY2015_408_para_792_5630.txt,1,193,"Strategic Command, Technology, and Multi-Domain Warfare",Unmanned Aerial Systems and Aviation Tech,G2
2015,doc_AY2015_408_para_792_5631.txt,1,129,"Strategic Command, Technology, and Multi-Domain Warfare",Unmanned Aerial Systems and Aviation Tech,G2
2015,doc_AY2015_408_para_792_5632.txt,1,180,"Strategic Command, Technology, and Multi-Domain Warfare",Unmanned Aerial Systems and Aviation Tech,G2
2015,doc_AY2015_408_para_792_5633.txt,1,96,"Strategic Command, Technology, and Multi-Domain Warfare",Unmanned Aerial Systems and Aviation Tech,G2
2015,doc_AY2015_408_para_792_5635.txt,1,163,"Strategic Command, Technology, and Multi-Domain Warfare",Unmanned Aerial Systems and Aviation Tech,G2
2015,doc_AY2015_408_para_792_5636.txt,1,123,"Strategic Command, Technology, and Multi-Domain Warfare",Unmanned Aerial Systems and Aviation Tech,G2
2015,doc_AY2015_409_para_793_5637.txt,1,79,"Strategic Command, Technology, and Multi-Domain Warfare",Unmanned Aerial Systems and Aviation Tech,G2
2015,doc_AY2015_409_para_793_5638.txt,1,234,"Strategic Command, Technology, and Multi-Domain Warfare",Unmanned Aerial Systems and Aviation Tech,G2
2015,doc_AY2015_409_para_793_5639.txt,1,113,"Strategic Command, Technology, and Multi-Domain Warfare",Unmanned Aerial Systems and Aviation Tech,G2
2015,doc_AY2015_409_para_793_5640.txt,1,91,"Strategic Command, Technology, and Multi-Domain Warfare",Unmanned Aerial Systems and Aviation Tech,G2
2015,doc_AY2015_409_para_793_5641.txt,2,104,"Strategic Command, Technology, and Multi-Domain Warfare",Headquarters Operations and Integration,G2
2015,doc_AY2015_409_para_793_5642.txt,1,138,"Strategic Command, Technology, and Multi-Domain Warfare",Unmanned Aerial Systems and Aviation Tech,G2
2015,doc_AY2015_416_para_800_5676.txt,10,253,Operational Readiness and Reserve Mobilization,Army Reserve and Active Component Integration,G1
2015,doc_AY2015_416_para_800_5678.txt,2,125,"Strategic Command, Technology, and Multi-Domain Warfare",Headquarters Operations and Integration,G2
2015,doc_AY2015_416_para_800_5679.txt,2,178,"Strategic Command, Technology, and Multi-Domain Warfare",Headquarters Operations and Integration,G2
2015,doc_AY2015_416_para_800_5680.txt,17,108,"Strategic Command, Technology, and Multi-Domain Warfare",Security Force Assistance Brigades,G2
2015,doc_AY2015_416_para_800_5681.txt,2,137,"Strategic Command, Technology, and Multi-Domain Warfare",Headquarters Operations and Integration,G2
2015,doc_AY2015_416_para_800_5682.txt,2,113,"Strategic Command, Technology, and Multi-Domain Warfare",Headquarters Operations and Integration,G2
2015,doc_AY2015_421_para_805_5715.txt,20,155,Operational Readiness and Reserve Mobilization,Equipment Maintenance and Deployment Support,G1
2015,doc_AY2015_426_para_810_5752.txt,1,120,"Strategic Command, Technology, and Multi-Domain Warfare",Unmanned Aerial Systems and Aviation Tech,G2
2015,doc_AY2015_426_para_810_5753.txt,1,112,"Strategic Command, Technology, and Multi-Domain Warfare",Unmanned Aerial Systems and Aviation Tech,G2
2015,doc_AY2015_426_para_810_5754.txt,1,175,"Strategic Command, Technology, and Multi-Domain Warfare",Unmanned Aerial Systems and Aviation Tech,G2
2015,doc_AY2015_426_para_810_5755.txt,1,125,"Strategic Command, Technology, and Multi-Domain Warfare",Unmanned Aerial Systems and Aviation Tech,G2
2015,doc_AY2015_428_para_812_5768.txt,3,103,Operational Readiness and Reserve Mobilization,National Guard and Reserve Components,G1
2015,doc_AY2015_428_para_812_5769.txt,6,136,Operational Readiness and Reserve Mobilization,Unit Training and Readiness Cycle,G1
2015,doc_AY2015_428_para_812_5770.txt,3,140,Operational Readiness and Reserve Mobilization,National Guard and Reserve Components,G1
2015,doc_AY2015_434_para_818_5816.txt,0,107,"Strategic Command, Technology, and Multi-Domain Warfare",Command Philosophy and Leadership Doctrine,G2
2016,doc_AY2016_001_para_824_5856.txt,1,106,"Strategic Command, Technology, and Multi-Domain Warfare",Unmanned Aerial Systems and Aviation Tech,G2
2016,doc_AY2016_001_para_824_5858.txt,1,172,"Strategic Command, Technology, and Multi-Domain Warfare",Unmanned Aerial Systems and Aviation Tech,G2
2016,doc_AY2016_001_para_824_5859.txt,1,135,"Strategic Command, Technology, and Multi-Domain Warfare",Unmanned Aerial Systems and Aviation Tech,G2
2016,doc_AY2016_001_para_824_5861.txt,1,111,"Strategic Command, Technology, and Multi-Domain Warfare",Unmanned Aerial Systems and Aviation Tech,G2
2016,doc_AY2016_002_para_825_5862.txt,8,116,"Strategic Command, Technology, and Multi-Domain Warfare",Additive Manufacturing Technologies,G2
2016,doc_AY2016_002_para_825_5863.txt,8,307,"Strategic Command, Technology, and Multi-Domain Warfare",Additive Manufacturing Technologies,G2
2016,doc_AY2016_002_para_825_5864.txt,8,144,"Strategic Command, Technology, and Multi-Domain Warfare",Additive Manufacturing Technologies,G2
2016,doc_AY2016_002_para_825_5865.txt,7,125,"Strategic Command, Technology, and Multi-Domain Warfare",Multi-Domain Operations Concepts,G2
2016,doc_AY2016_002_para_825_5866.txt,8,128,"Strategic Command, Technology, and Multi-Domain Warfare",Additive Manufacturing Technologies,G2
2016,doc_AY2016_003_para_826_5874.txt,4,116,"Strategic Command, Technology, and Multi-Domain Warfare",Regional Alignment and Funding Support,G2
2016,doc_AY2016_004_para_827_5875.txt,16,123,Operational Readiness and Reserve Mobilization,Annual Training Requirements for Reserves,G1
2016,doc_AY2016_004_para_827_5878.txt,12,87,Operational Readiness and Reserve Mobilization,Leadership Development and Combat Planning,G1
2016,doc_AY2016_006_para_829_5887.txt,14,160,Operational Readiness and Reserve Mobilization,Operational Reserve Training and Mobilization,G1
2016,doc_AY2016_006_para_829_5888.txt,14,190,Operational Readiness and Reserve Mobilization,Operational Reserve Training and Mobilization,G1
2016,doc_AY2016_006_para_829_5890.txt,10,203,Operational Readiness and Reserve Mobilization,Army Reserve and Active Component Integration,G1
2016,doc_AY2016_006_para_829_5891.txt,6,158,Operational Readiness and Reserve Mobilization,Unit Training and Readiness Cycle,G1
2016,doc_AY2016_007_para_830_5892.txt,8,97,"Strategic Command, Technology, and Multi-Domain Warfare",Additive Manufacturing Technologies,G2
2016,doc_AY2016_007_para_830_5893.txt,8,121,"Strategic Command, Technology, and Multi-Domain Warfare",Additive Manufacturing Technologies,G2
2016,doc_AY2016_007_para_830_5894.txt,8,97,"Strategic Command, Technology, and Multi-Domain Warfare",Additive Manufacturing Technologies,G2
2016,doc_AY2016_007_para_830_5896.txt,8,102,"Strategic Command, Technology, and Multi-Domain Warfare",Additive Manufacturing Technologies,G2
2016,doc_AY2016_007_para_830_5897.txt,8,75,"Strategic Command, Technology, and Multi-Domain Warfare",Additive Manufacturing Technologies,G2
2016,doc_AY2016_007_para_830_5898.txt,8,75,"Strategic Command, Technology, and Multi-Domain Warfare",Additive Manufacturing Technologies,G2
2016,doc_AY2016_010_para_833_5917.txt,2,97,"Strategic Command, Technology, and Multi-Domain Warfare",Headquarters Operations and Integration,G2
2016,doc_AY2016_011_para_834_5920.txt,2,96,"Strategic Command, Technology, and Multi-Domain Warfare",Headquarters Operations and Integration,G2
2016,doc_AY2016_019_para_842_5975.txt,10,140,Operational Readiness and Reserve Mobilization,Army Reserve and Active Component Integration,G1
2016,doc_AY2016_019_para_842_5979.txt,10,162,Operational Readiness and Reserve Mobilization,Army Reserve and Active Component Integration,G1
2016,doc_AY2016_021_para_844_5990.txt,7,130,"Strategic Command, Technology, and Multi-Domain Warfare",Multi-Domain Operations Concepts,G2
2016,doc_AY2016_021_para_844_5991.txt,10,142,Operational Readiness and Reserve Mobilization,Army Reserve and Active Component Integration,G1
2016,doc_AY2016_021_para_844_5995.txt,2,153,"Strategic Command, Technology, and Multi-Domain Warfare",Headquarters Operations and Integration,G2
2016,doc_AY2016_024_para_847_6015.txt,2,184,"Strategic Command, Technology, and Multi-Domain Warfare",Headquarters Operations and Integration,G2
2016,doc_AY2016_024_para_847_6016.txt,20,145,Operational Readiness and Reserve Mobilization,Equipment Maintenance and Deployment Support,G1
2016,doc_AY2016_026_para_849_6033.txt,0,143,"Strategic Command, Technology, and Multi-Domain Warfare",Command Philosophy and Leadership Doctrine,G2
2016,doc_AY2016_026_para_849_6034.txt,0,233,"Strategic Command, Technology, and Multi-Domain Warfare",Command Philosophy and Leadership Doctrine,G2
2016,doc_AY2016_026_para_849_6035.txt,0,63,"Strategic Command, Technology, and Multi-Domain Warfare",Command Philosophy and Leadership Doctrine,G2
2016,doc_AY2016_027_para_850_6036.txt,10,135,Operational Readiness and Reserve Mobilization,Army Reserve and Active Component Integration,G1
2016,doc_AY2016_027_para_850_6042.txt,10,142,Operational Readiness and Reserve Mobilization,Army Reserve and Active Component Integration,G1
2016,doc_AY2016_031_para_854_6062.txt,3,187,Operational Readiness and Reserve Mobilization,National Guard and Reserve Components,G1
2016,doc_AY2016_031_para_854_6063.txt,18,153,Operational Readiness and Reserve Mobilization,Reserve Support and Mobilization Duties,G1
2016,doc_AY2016_031_para_854_6064.txt,14,176,Operational Readiness and Reserve Mobilization,Operational Reserve Training and Mobilization,G1
2016,doc_AY2016_031_para_854_6065.txt,3,164,Operational Readiness and Reserve Mobilization,National Guard and Reserve Components,G1
2016,doc_AY2016_031_para_854_6066.txt,-1,110,Outlier,Outliers,G0
2016,doc_AY2016_031_para_854_6067.txt,13,114,Operational Readiness and Reserve Mobilization,Brigade Combat Team Readiness,G1
2016,doc_AY2016_036_para_859_6100.txt,19,186,Operational Readiness and Reserve Mobilization,Sustainment and Modernization Efforts,G1
2016,doc_AY2016_036_para_859_6102.txt,19,111,Operational Readiness and Reserve Mobilization,Sustainment and Modernization Efforts,G1
2016,doc_AY2016_047_para_870_6176.txt,10,138,Operational Readiness and Reserve Mobilization,Army Reserve and Active Component Integration,G1
2016,doc_AY2016_047_para_870_6177.txt,1,110,"Strategic Command, Technology, and Multi-Domain Warfare",Unmanned Aerial Systems and Aviation Tech,G2
2016,doc_AY2016_047_para_870_6179.txt,1,189,"Strategic Command, Technology, and Multi-Domain Warfare",Unmanned Aerial Systems and Aviation Tech,G2
2016,doc_AY2016_047_para_870_6181.txt,1,93,"Strategic Command, Technology, and Multi-Domain Warfare",Unmanned Aerial Systems and Aviation Tech,G2
2016,doc_AY2016_047_para_870_6182.txt,1,76,"Strategic Command, Technology, and Multi-Domain Warfare",Unmanned Aerial Systems and Aviation Tech,G2
2016,doc_AY2016_047_para_870_6183.txt,1,71,"Strategic Command, Technology, and Multi-Domain Warfare",Unmanned Aerial Systems and Aviation Tech,G2
2016,doc_AY2016_048_para_871_6186.txt,0,129,"Strategic Command, Technology, and Multi-Domain Warfare",Command Philosophy and Leadership Doctrine,G2
2016,doc_AY2016_048_para_871_6187.txt,0,147,"Strategic Command, Technology, and Multi-Domain Warfare",Command Philosophy and Leadership Doctrine,G2
2016,doc_AY2016_048_para_871_6189.txt,12,145,Operational Readiness and Reserve Mobilization,Leadership Development and Combat Planning,G1
2016,doc_AY2016_048_para_871_6190.txt,0,97,"Strategic Command, Technology, and Multi-Domain Warfare",Command Philosophy and Leadership Doctrine,G2
2016,doc_AY2016_048_para_871_6191.txt,12,114,Operational Readiness and Reserve Mobilization,Leadership Development and Combat Planning,G1
2016,doc_AY2016_049_para_872_6196.txt,3,174,Operational Readiness and Reserve Mobilization,National Guard and Reserve Components,G1
2016,doc_AY2016_053_para_876_6218.txt,13,131,Operational Readiness and Reserve Mobilization,Brigade Combat Team Readiness,G1
2016,doc_AY2016_053_para_876_6220.txt,10,93,Operational Readiness and Reserve Mobilization,Army Reserve and Active Component Integration,G1
2016,doc_AY2016_054_para_877_6226.txt,5,124,"Strategic Command, Technology, and Multi-Domain Warfare",Defense Logistics and Enterprise Management,G2
2016,doc_AY2016_057_para_880_6242.txt,17,126,"Strategic Command, Technology, and Multi-Domain Warfare",Security Force Assistance Brigades,G2
2016,doc_AY2016_057_para_880_6243.txt,17,90,"Strategic Command, Technology, and Multi-Domain Warfare",Security Force Assistance Brigades,G2
2016,doc_AY2016_057_para_880_6244.txt,17,125,"Strategic Command, Technology, and Multi-Domain Warfare",Security Force Assistance Brigades,G2
2016,doc_AY2016_057_para_880_6245.txt,2,125,"Strategic Command, Technology, and Multi-Domain Warfare",Headquarters Operations and Integration,G2
2016,doc_AY2016_057_para_880_6246.txt,17,146,"Strategic Command, Technology, and Multi-Domain Warfare",Security Force Assistance Brigades,G2
2016,doc_AY2016_057_para_880_6247.txt,17,82,"Strategic Command, Technology, and Multi-Domain Warfare",Security Force Assistance Brigades,G2
2016,doc_AY2016_059_para_882_6256.txt,2,110,"Strategic Command, Technology, and Multi-Domain Warfare",Headquarters Operations and Integration,G2
2016,doc_AY2016_059_para_882_6261.txt,16,101,Operational Readiness and Reserve Mobilization,Annual Training Requirements for Reserves,G1
2016,doc_AY2016_064_para_887_6290.txt,0,117,"Strategic Command, Technology, and Multi-Domain Warfare",Command Philosophy and Leadership Doctrine,G2
2016,doc_AY2016_064_para_887_6291.txt,0,150,"Strategic Command, Technology, and Multi-Domain Warfare",Command Philosophy and Leadership Doctrine,G2
2016,doc_AY2016_066_para_889_6309.txt,4,224,"Strategic Command, Technology, and Multi-Domain Warfare",Regional Alignment and Funding Support,G2
2016,doc_AY2016_077_para_900_6386.txt,0,118,"Strategic Command, Technology, and Multi-Domain Warfare",Command Philosophy and Leadership Doctrine,G2
2016,doc_AY2016_077_para_900_6387.txt,0,101,"Strategic Command, Technology, and Multi-Domain Warfare",Command Philosophy and Leadership Doctrine,G2
2016,doc_AY2016_077_para_900_6388.txt,0,133,"Strategic Command, Technology, and Multi-Domain Warfare",Command Philosophy and Leadership Doctrine,G2
2016,doc_AY2016_077_para_900_6389.txt,0,141,"Strategic Command, Technology, and Multi-Domain Warfare",Command Philosophy and Leadership Doctrine,G2
2016,doc_AY2016_077_para_900_6390.txt,0,96,"Strategic Command, Technology, and Multi-Domain Warfare",Command Philosophy and Leadership Doctrine,G2
2016,doc_AY2016_077_para_900_6391.txt,0,98,"Strategic Command, Technology, and Multi-Domain Warfare",Command Philosophy and Leadership Doctrine,G2
2016,doc_AY2016_077_para_900_6392.txt,0,144,"Strategic Command, Technology, and Multi-Domain Warfare",Command Philosophy and Leadership Doctrine,G2
2016,doc_AY2016_077_para_900_6395.txt,0,107,"Strategic Command, Technology, and Multi-Domain Warfare",Command Philosophy and Leadership Doctrine,G2
2016,doc_AY2016_090_para_913_6487.txt,12,121,Operational Readiness and Reserve Mobilization,Leadership Development and Combat Planning,G1
2016,doc_AY2016_091_para_914_6491.txt,13,139,Operational Readiness and Reserve Mobilization,Brigade Combat Team Readiness,G1
2016,doc_AY2016_106_para_929_6588.txt,0,95,"Strategic Command, Technology, and Multi-Domain Warfare",Command Philosophy and Leadership Doctrine,G2
2016,doc_AY2016_108_para_931_6603.txt,0,183,"Strategic Command, Technology, and Multi-Domain Warfare",Command Philosophy and Leadership Doctrine,G2
2016,doc_AY2016_119_para_942_6676.txt,-1,95,Outlier,Outliers,G0
2016,doc_AY2016_119_para_942_6678.txt,13,168,Operational Readiness and Reserve Mobilization,Brigade Combat Team Readiness,G1
2016,doc_AY2016_119_para_942_6679.txt,15,147,"Strategic Command, Technology, and Multi-Domain Warfare",Artillery and Missile Capability Integration,G2
2016,doc_AY2016_119_para_942_6680.txt,1,134,"Strategic Command, Technology, and Multi-Domain Warfare",Unmanned Aerial Systems and Aviation Tech,G2
2016,doc_AY2016_125_para_948_6723.txt,4,176,"Strategic Command, Technology, and Multi-Domain Warfare",Regional Alignment and Funding Support,G2
2016,doc_AY2016_130_para_953_6761.txt,7,107,"Strategic Command, Technology, and Multi-Domain Warfare",Multi-Domain Operations Concepts,G2
2016,doc_AY2016_130_para_953_6765.txt,0,72,"Strategic Command, Technology, and Multi-Domain Warfare",Command Philosophy and Leadership Doctrine,G2
2016,doc_AY2016_130_para_953_6766.txt,0,161,"Strategic Command, Technology, and Multi-Domain Warfare",Command Philosophy and Leadership Doctrine,G2
2016,doc_AY2016_136_para_958_6820.txt,7,193,"Strategic Command, Technology, and Multi-Domain Warfare",Multi-Domain Operations Concepts,G2
2016,doc_AY2016_138_para_960_6830.txt,5,138,"Strategic Command, Technology, and Multi-Domain Warfare",Defense Logistics and Enterprise Management,G2
2016,doc_AY2016_138_para_960_6831.txt,5,99,"Strategic Command, Technology, and Multi-Domain Warfare",Defense Logistics and Enterprise Management,G2
2016,doc_AY2016_138_para_960_6835.txt,5,92,"Strategic Command, Technology, and Multi-Domain Warfare",Defense Logistics and Enterprise Management,G2
2016,doc_AY2016_150_para_972_6912.txt,11,206,"Strategic Command, Technology, and Multi-Domain Warfare",Domain Warfare and Artillery Operations,G2
2016,doc_AY2016_150_para_972_6913.txt,2,204,"Strategic Command, Technology, and Multi-Domain Warfare",Headquarters Operations and Integration,G2
2016,doc_AY2016_150_para_972_6914.txt,2,282,"Strategic Command, Technology, and Multi-Domain Warfare",Headquarters Operations and Integration,G2
2016,doc_AY2016_150_para_972_6915.txt,-1,134,Outlier,Outliers,G0
2016,doc_AY2016_150_para_972_6916.txt,2,111,"Strategic Command, Technology, and Multi-Domain Warfare",Headquarters Operations and Integration,G2
2016,doc_AY2016_150_para_972_6917.txt,-1,136,Outlier,Outliers,G0
2016,doc_AY2016_150_para_972_6918.txt,10,130,Operational Readiness and Reserve Mobilization,Army Reserve and Active Component Integration,G1
2016,doc_AY2016_159_para_981_6976.txt,12,106,Operational Readiness and Reserve Mobilization,Leadership Development and Combat Planning,G1
2016,doc_AY2016_160_para_982_6979.txt,8,103,"Strategic Command, Technology, and Multi-Domain Warfare",Additive Manufacturing Technologies,G2
2016,doc_AY2016_160_para_982_6980.txt,8,95,"Strategic Command, Technology, and Multi-Domain Warfare",Additive Manufacturing Technologies,G2
2016,doc_AY2016_160_para_982_6981.txt,20,152,Operational Readiness and Reserve Mobilization,Equipment Maintenance and Deployment Support,G1
2016,doc_AY2016_160_para_982_6982.txt,8,213,"Strategic Command, Technology, and Multi-Domain Warfare",Additive Manufacturing Technologies,G2
2016,doc_AY2016_160_para_982_6983.txt,8,154,"Strategic Command, Technology, and Multi-Domain Warfare",Additive Manufacturing Technologies,G2
2016,doc_AY2016_160_para_982_6984.txt,8,199,"Strategic Command, Technology, and Multi-Domain Warfare",Additive Manufacturing Technologies,G2
2016,doc_AY2016_161_para_983_6990.txt,13,207,Operational Readiness and Reserve Mobilization,Brigade Combat Team Readiness,G1
2016,doc_AY2016_163_para_985_7002.txt,7,84,"Strategic Command, Technology, and Multi-Domain Warfare",Multi-Domain Operations Concepts,G2
2016,doc_AY2016_169_para_991_7043.txt,0,85,"Strategic Command, Technology, and Multi-Domain Warfare",Command Philosophy and Leadership Doctrine,G2
2016,doc_AY2016_169_para_991_7044.txt,0,90,"Strategic Command, Technology, and Multi-Domain Warfare",Command Philosophy and Leadership Doctrine,G2
2016,doc_AY2016_181_para_1003_7118.txt,0,113,"Strategic Command, Technology, and Multi-Domain Warfare",Command Philosophy and Leadership Doctrine,G2
2016,doc_AY2016_181_para_1003_7119.txt,0,169,"Strategic Command, Technology, and Multi-Domain Warfare",Command Philosophy and Leadership Doctrine,G2
2016,doc_AY2016_181_para_1003_7120.txt,0,188,"Strategic Command, Technology, and Multi-Domain Warfare",Command Philosophy and Leadership Doctrine,G2
2016,doc_AY2016_181_para_1003_7122.txt,0,89,"Strategic Command, Technology, and Multi-Domain Warfare",Command Philosophy and Leadership Doctrine,G2
2016,doc_AY2016_184_para_1006_7141.txt,2,205,"Strategic Command, Technology, and Multi-Domain Warfare",Headquarters Operations and Integration,G2
2016,doc_AY2016_184_para_1006_7143.txt,2,225,"Strategic Command, Technology, and Multi-Domain Warfare",Headquarters Operations and Integration,G2
2016,doc_AY2016_184_para_1006_7144.txt,2,98,"Strategic Command, Technology, and Multi-Domain Warfare",Headquarters Operations and Integration,G2
2016,doc_AY2016_185_para_1007_7145.txt,1,98,"Strategic Command, Technology, and Multi-Domain Warfare",Unmanned Aerial Systems and Aviation Tech,G2
2016,doc_AY2016_185_para_1007_7146.txt,1,159,"Strategic Command, Technology, and Multi-Domain Warfare",Unmanned Aerial Systems and Aviation Tech,G2
2016,doc_AY2016_185_para_1007_7147.txt,20,125,Operational Readiness and Reserve Mobilization,Equipment Maintenance and Deployment Support,G1
2016,doc_AY2016_185_para_1007_7148.txt,1,156,"Strategic Command, Technology, and Multi-Domain Warfare",Unmanned Aerial Systems and Aviation Tech,G2
2016,doc_AY2016_185_para_1007_7149.txt,1,102,"Strategic Command, Technology, and Multi-Domain Warfare",Unmanned Aerial Systems and Aviation Tech,G2
2016,doc_AY2016_185_para_1007_7152.txt,1,89,"Strategic Command, Technology, and Multi-Domain Warfare",Unmanned Aerial Systems and Aviation Tech,G2
2016,doc_AY2016_194_para_1016_7206.txt,0,181,"Strategic Command, Technology, and Multi-Domain Warfare",Command Philosophy and Leadership Doctrine,G2
2016,doc_AY2016_201_para_1023_7249.txt,14,115,Operational Readiness and Reserve Mobilization,Operational Reserve Training and Mobilization,G1
2016,doc_AY2016_201_para_1023_7251.txt,14,134,Operational Readiness and Reserve Mobilization,Operational Reserve Training and Mobilization,G1
2016,doc_AY2016_201_para_1023_7252.txt,2,130,"Strategic Command, Technology, and Multi-Domain Warfare",Headquarters Operations and Integration,G2
2016,doc_AY2016_201_para_1023_7253.txt,13,115,Operational Readiness and Reserve Mobilization,Brigade Combat Team Readiness,G1
2016,doc_AY2016_201_para_1023_7254.txt,2,126,"Strategic Command, Technology, and Multi-Domain Warfare",Headquarters Operations and Integration,G2
2016,doc_AY2016_201_para_1023_7255.txt,18,114,Operational Readiness and Reserve Mobilization,Reserve Support and Mobilization Duties,G1
2016,doc_AY2016_201_para_1023_7256.txt,13,111,Operational Readiness and Reserve Mobilization,Brigade Combat Team Readiness,G1
2016,doc_AY2016_201_para_1023_7257.txt,2,85,"Strategic Command, Technology, and Multi-Domain Warfare",Headquarters Operations and Integration,G2
2016,doc_AY2016_202_para_1024_7258.txt,14,106,Operational Readiness and Reserve Mobilization,Operational Reserve Training and Mobilization,G1
2016,doc_AY2016_202_para_1024_7259.txt,18,76,Operational Readiness and Reserve Mobilization,Reserve Support and Mobilization Duties,G1
2016,doc_AY2016_202_para_1024_7260.txt,14,140,Operational Readiness and Reserve Mobilization,Operational Reserve Training and Mobilization,G1
2016,doc_AY2016_202_para_1024_7261.txt,16,99,Operational Readiness and Reserve Mobilization,Annual Training Requirements for Reserves,G1
2016,doc_AY2016_202_para_1024_7262.txt,13,140,Operational Readiness and Reserve Mobilization,Brigade Combat Team Readiness,G1
2016,doc_AY2016_202_para_1024_7263.txt,18,155,Operational Readiness and Reserve Mobilization,Reserve Support and Mobilization Duties,G1
2016,doc_AY2016_202_para_1024_7264.txt,6,77,Operational Readiness and Reserve Mobilization,Unit Training and Readiness Cycle,G1
2016,doc_AY2016_202_para_1024_7265.txt,14,95,Operational Readiness and Reserve Mobilization,Operational Reserve Training and Mobilization,G1
2016,doc_AY2016_202_para_1024_7266.txt,6,72,Operational Readiness and Reserve Mobilization,Unit Training and Readiness Cycle,G1
2016,doc_AY2016_203_para_1025_7274.txt,0,96,"Strategic Command, Technology, and Multi-Domain Warfare",Command Philosophy and Leadership Doctrine,G2
2016,doc_AY2016_203_para_1025_7275.txt,0,73,"Strategic Command, Technology, and Multi-Domain Warfare",Command Philosophy and Leadership Doctrine,G2
2016,doc_AY2016_207_para_1029_7298.txt,14,119,Operational Readiness and Reserve Mobilization,Operational Reserve Training and Mobilization,G1
2016,doc_AY2016_207_para_1029_7299.txt,6,128,Operational Readiness and Reserve Mobilization,Unit Training and Readiness Cycle,G1
2016,doc_AY2016_207_para_1029_7300.txt,2,149,"Strategic Command, Technology, and Multi-Domain Warfare",Headquarters Operations and Integration,G2
2016,doc_AY2016_207_para_1029_7301.txt,12,189,Operational Readiness and Reserve Mobilization,Leadership Development and Combat Planning,G1
2016,doc_AY2016_207_para_1029_7303.txt,16,148,Operational Readiness and Reserve Mobilization,Annual Training Requirements for Reserves,G1
2016,doc_AY2016_212_para_1034_7334.txt,10,154,Operational Readiness and Reserve Mobilization,Army Reserve and Active Component Integration,G1
2016,doc_AY2016_212_para_1034_7335.txt,18,106,Operational Readiness and Reserve Mobilization,Reserve Support and Mobilization Duties,G1
2016,doc_AY2016_212_para_1034_7336.txt,18,105,Operational Readiness and Reserve Mobilization,Reserve Support and Mobilization Duties,G1
2016,doc_AY2016_214_para_1036_7345.txt,0,123,"Strategic Command, Technology, and Multi-Domain Warfare",Command Philosophy and Leadership Doctrine,G2
2016,doc_AY2016_214_para_1036_7346.txt,0,171,"Strategic Command, Technology, and Multi-Domain Warfare",Command Philosophy and Leadership Doctrine,G2
2016,doc_AY2016_214_para_1036_7347.txt,0,183,"Strategic Command, Technology, and Multi-Domain Warfare",Command Philosophy and Leadership Doctrine,G2
2016,doc_AY2016_214_para_1036_7348.txt,12,108,Operational Readiness and Reserve Mobilization,Leadership Development and Combat Planning,G1
2016,doc_AY2016_214_para_1036_7349.txt,12,163,Operational Readiness and Reserve Mobilization,Leadership Development and Combat Planning,G1
2016,doc_AY2016_214_para_1036_7350.txt,16,120,Operational Readiness and Reserve Mobilization,Annual Training Requirements for Reserves,G1
2016,doc_AY2016_214_para_1036_7351.txt,12,160,Operational Readiness and Reserve Mobilization,Leadership Development and Combat Planning,G1
2016,doc_AY2016_214_para_1036_7352.txt,12,87,Operational Readiness and Reserve Mobilization,Leadership Development and Combat Planning,G1
2016,doc_AY2016_215_para_1037_7353.txt,0,97,"Strategic Command, Technology, and Multi-Domain Warfare",Command Philosophy and Leadership Doctrine,G2
2016,doc_AY2016_215_para_1037_7354.txt,0,137,"Strategic Command, Technology, and Multi-Domain Warfare",Command Philosophy and Leadership Doctrine,G2
2016,doc_AY2016_215_para_1037_7358.txt,7,136,"Strategic Command, Technology, and Multi-Domain Warfare",Multi-Domain Operations Concepts,G2
2016,doc_AY2016_215_para_1037_7361.txt,0,93,"Strategic Command, Technology, and Multi-Domain Warfare",Command Philosophy and Leadership Doctrine,G2
2016,doc_AY2016_216_para_1038_7363.txt,0,121,"Strategic Command, Technology, and Multi-Domain Warfare",Command Philosophy and Leadership Doctrine,G2
2016,doc_AY2016_216_para_1038_7364.txt,0,325,"Strategic Command, Technology, and Multi-Domain Warfare",Command Philosophy and Leadership Doctrine,G2
2016,doc_AY2016_216_para_1038_7366.txt,0,96,"Strategic Command, Technology, and Multi-Domain Warfare",Command Philosophy and Leadership Doctrine,G2
2016,doc_AY2016_216_para_1038_7367.txt,0,167,"Strategic Command, Technology, and Multi-Domain Warfare",Command Philosophy and Leadership Doctrine,G2
2016,doc_AY2016_216_para_1038_7369.txt,0,125,"Strategic Command, Technology, and Multi-Domain Warfare",Command Philosophy and Leadership Doctrine,G2
2016,doc_AY2016_216_para_1038_7370.txt,0,176,"Strategic Command, Technology, and Multi-Domain Warfare",Command Philosophy and Leadership Doctrine,G2
2016,doc_AY2016_217_para_1039_7371.txt,4,230,"Strategic Command, Technology, and Multi-Domain Warfare",Regional Alignment and Funding Support,G2
2016,doc_AY2016_217_para_1039_7373.txt,2,182,"Strategic Command, Technology, and Multi-Domain Warfare",Headquarters Operations and Integration,G2
2016,doc_AY2016_217_para_1039_7374.txt,2,124,"Strategic Command, Technology, and Multi-Domain Warfare",Headquarters Operations and Integration,G2
2016,doc_AY2016_217_para_1039_7377.txt,4,129,"Strategic Command, Technology, and Multi-Domain Warfare",Regional Alignment and Funding Support,G2
2016,doc_AY2016_217_para_1039_7378.txt,4,143,"Strategic Command, Technology, and Multi-Domain Warfare",Regional Alignment and Funding Support,G2
2016,doc_AY2016_217_para_1039_7380.txt,4,155,"Strategic Command, Technology, and Multi-Domain Warfare",Regional Alignment and Funding Support,G2
2016,doc_AY2016_218_para_1040_7382.txt,9,117,Operational Readiness and Reserve Mobilization,Mobilization Processes for Reserves,G1
2016,doc_AY2016_218_para_1040_7384.txt,5,147,"Strategic Command, Technology, and Multi-Domain Warfare",Defense Logistics and Enterprise Management,G2
2016,doc_AY2016_218_para_1040_7386.txt,16,95,Operational Readiness and Reserve Mobilization,Annual Training Requirements for Reserves,G1
2016,doc_AY2016_218_para_1040_7387.txt,9,111,Operational Readiness and Reserve Mobilization,Mobilization Processes for Reserves,G1
2016,doc_AY2016_219_para_1041_7392.txt,1,116,"Strategic Command, Technology, and Multi-Domain Warfare",Unmanned Aerial Systems and Aviation Tech,G2
2016,doc_AY2016_228_para_1050_7466.txt,2,225,"Strategic Command, Technology, and Multi-Domain Warfare",Headquarters Operations and Integration,G2
2016,doc_AY2016_232_para_1054_7499.txt,6,96,Operational Readiness and Reserve Mobilization,Unit Training and Readiness Cycle,G1
2016,doc_AY2016_235_para_1057_7513.txt,10,185,Operational Readiness and Reserve Mobilization,Army Reserve and Active Component Integration,G1
2016,doc_AY2016_235_para_1057_7514.txt,10,221,Operational Readiness and Reserve Mobilization,Army Reserve and Active Component Integration,G1
2016,doc_AY2016_235_para_1057_7516.txt,9,193,Operational Readiness and Reserve Mobilization,Mobilization Processes for Reserves,G1
2016,doc_AY2016_235_para_1057_7517.txt,10,193,Operational Readiness and Reserve Mobilization,Army Reserve and Active Component Integration,G1
2016,doc_AY2016_235_para_1057_7518.txt,10,155,Operational Readiness and Reserve Mobilization,Army Reserve and Active Component Integration,G1
2016,doc_AY2016_236_para_1058_7519.txt,14,159,Operational Readiness and Reserve Mobilization,Operational Reserve Training and Mobilization,G1
2016,doc_AY2016_236_para_1058_7520.txt,6,114,Operational Readiness and Reserve Mobilization,Unit Training and Readiness Cycle,G1
2016,doc_AY2016_236_para_1058_7521.txt,6,168,Operational Readiness and Reserve Mobilization,Unit Training and Readiness Cycle,G1
2016,doc_AY2016_236_para_1058_7522.txt,14,261,Operational Readiness and Reserve Mobilization,Operational Reserve Training and Mobilization,G1
2016,doc_AY2016_236_para_1058_7523.txt,20,125,Operational Readiness and Reserve Mobilization,Equipment Maintenance and Deployment Support,G1
2016,doc_AY2016_236_para_1058_7524.txt,6,99,Operational Readiness and Reserve Mobilization,Unit Training and Readiness Cycle,G1
2016,doc_AY2016_236_para_1058_7525.txt,6,142,Operational Readiness and Reserve Mobilization,Unit Training and Readiness Cycle,G1
2016,doc_AY2016_236_para_1058_7526.txt,12,148,Operational Readiness and Reserve Mobilization,Leadership Development and Combat Planning,G1
2016,doc_AY2016_246_para_1068_7584.txt,14,114,Operational Readiness and Reserve Mobilization,Operational Reserve Training and Mobilization,G1
2016,doc_AY2016_246_para_1068_7585.txt,6,78,Operational Readiness and Reserve Mobilization,Unit Training and Readiness Cycle,G1
2016,doc_AY2016_246_para_1068_7586.txt,19,241,Operational Readiness and Reserve Mobilization,Sustainment and Modernization Efforts,G1
2016,doc_AY2016_246_para_1068_7587.txt,13,92,Operational Readiness and Reserve Mobilization,Brigade Combat Team Readiness,G1
2016,doc_AY2016_246_para_1068_7588.txt,9,168,Operational Readiness and Reserve Mobilization,Mobilization Processes for Reserves,G1
2016,doc_AY2016_246_para_1068_7589.txt,6,170,Operational Readiness and Reserve Mobilization,Unit Training and Readiness Cycle,G1
2016,doc_AY2016_246_para_1068_7590.txt,13,154,Operational Readiness and Reserve Mobilization,Brigade Combat Team Readiness,G1
2016,doc_AY2016_246_para_1068_7591.txt,13,80,Operational Readiness and Reserve Mobilization,Brigade Combat Team Readiness,G1
2016,doc_AY2016_246_para_1068_7592.txt,13,195,Operational Readiness and Reserve Mobilization,Brigade Combat Team Readiness,G1
2016,doc_AY2016_246_para_1068_7593.txt,13,195,Operational Readiness and Reserve Mobilization,Brigade Combat Team Readiness,G1
2016,doc_AY2016_247_para_1069_7596.txt,19,115,Operational Readiness and Reserve Mobilization,Sustainment and Modernization Efforts,G1
2016,doc_AY2016_247_para_1069_7598.txt,20,148,Operational Readiness and Reserve Mobilization,Equipment Maintenance and Deployment Support,G1
2016,doc_AY2016_253_para_1075_7638.txt,14,105,Operational Readiness and Reserve Mobilization,Operational Reserve Training and Mobilization,G1
2016,doc_AY2016_253_para_1075_7639.txt,10,110,Operational Readiness and Reserve Mobilization,Army Reserve and Active Component Integration,G1
2016,doc_AY2016_253_para_1075_7641.txt,9,200,Operational Readiness and Reserve Mobilization,Mobilization Processes for Reserves,G1
2016,doc_AY2016_253_para_1075_7642.txt,3,94,Operational Readiness and Reserve Mobilization,National Guard and Reserve Components,G1
2016,doc_AY2016_253_para_1075_7643.txt,16,134,Operational Readiness and Reserve Mobilization,Annual Training Requirements for Reserves,G1
2016,doc_AY2016_260_para_1082_7679.txt,3,102,Operational Readiness and Reserve Mobilization,National Guard and Reserve Components,G1
2016,doc_AY2016_260_para_1082_7680.txt,2,120,"Strategic Command, Technology, and Multi-Domain Warfare",Headquarters Operations and Integration,G2
2016,doc_AY2016_265_para_1087_7710.txt,11,90,"Strategic Command, Technology, and Multi-Domain Warfare",Domain Warfare and Artillery Operations,G2
2016,doc_AY2016_265_para_1087_7711.txt,13,97,Operational Readiness and Reserve Mobilization,Brigade Combat Team Readiness,G1
2016,doc_AY2016_265_para_1087_7712.txt,13,114,Operational Readiness and Reserve Mobilization,Brigade Combat Team Readiness,G1
2016,doc_AY2016_265_para_1087_7716.txt,0,84,"Strategic Command, Technology, and Multi-Domain Warfare",Command Philosophy and Leadership Doctrine,G2
2016,doc_AY2016_268_para_1090_7732.txt,10,169,Operational Readiness and Reserve Mobilization,Army Reserve and Active Component Integration,G1
2016,doc_AY2016_268_para_1090_7734.txt,17,140,"Strategic Command, Technology, and Multi-Domain Warfare",Security Force Assistance Brigades,G2
2016,doc_AY2016_268_para_1090_7737.txt,13,74,Operational Readiness and Reserve Mobilization,Brigade Combat Team Readiness,G1
2016,doc_AY2016_274_para_1096_7773.txt,17,149,"Strategic Command, Technology, and Multi-Domain Warfare",Security Force Assistance Brigades,G2
2016,doc_AY2016_274_para_1096_7774.txt,17,186,"Strategic Command, Technology, and Multi-Domain Warfare",Security Force Assistance Brigades,G2
2016,doc_AY2016_274_para_1096_7776.txt,17,132,"Strategic Command, Technology, and Multi-Domain Warfare",Security Force Assistance Brigades,G2
2016,doc_AY2016_277_para_1099_7790.txt,2,152,"Strategic Command, Technology, and Multi-Domain Warfare",Headquarters Operations and Integration,G2
2016,doc_AY2016_277_para_1099_7794.txt,5,184,"Strategic Command, Technology, and Multi-Domain Warfare",Defense Logistics and Enterprise Management,G2
2016,doc_AY2016_278_para_1100_7795.txt,5,91,"Strategic Command, Technology, and Multi-Domain Warfare",Defense Logistics and Enterprise Management,G2
2016,doc_AY2016_278_para_1100_7796.txt,5,149,"Strategic Command, Technology, and Multi-Domain Warfare",Defense Logistics and Enterprise Management,G2
2016,doc_AY2016_278_para_1100_7797.txt,5,83,"Strategic Command, Technology, and Multi-Domain Warfare",Defense Logistics and Enterprise Management,G2
2016,doc_AY2016_278_para_1100_7798.txt,5,112,"Strategic Command, Technology, and Multi-Domain Warfare",Defense Logistics and Enterprise Management,G2
2016,doc_AY2016_278_para_1100_7799.txt,5,160,"Strategic Command, Technology, and Multi-Domain Warfare",Defense Logistics and Enterprise Management,G2
2016,doc_AY2016_278_para_1100_7800.txt,5,81,"Strategic Command, Technology, and Multi-Domain Warfare",Defense Logistics and Enterprise Management,G2
2016,doc_AY2016_278_para_1100_7801.txt,5,94,"Strategic Command, Technology, and Multi-Domain Warfare",Defense Logistics and Enterprise Management,G2
2016,doc_AY2016_278_para_1100_7802.txt,5,56,"Strategic Command, Technology, and Multi-Domain Warfare",Defense Logistics and Enterprise Management,G2
2016,doc_AY2016_278_para_1100_7803.txt,2,101,"Strategic Command, Technology, and Multi-Domain Warfare",Headquarters Operations and Integration,G2
2016,doc_AY2016_278_para_1100_7804.txt,5,117,"Strategic Command, Technology, and Multi-Domain Warfare",Defense Logistics and Enterprise Management,G2
2016,doc_AY2016_279_para_1101_7810.txt,1,118,"Strategic Command, Technology, and Multi-Domain Warfare",Unmanned Aerial Systems and Aviation Tech,G2
2016,doc_AY2016_279_para_1101_7812.txt,1,114,"Strategic Command, Technology, and Multi-Domain Warfare",Unmanned Aerial Systems and Aviation Tech,G2
2016,doc_AY2016_283_para_1105_7835.txt,19,83,Operational Readiness and Reserve Mobilization,Sustainment and Modernization Efforts,G1
2016,doc_AY2016_283_para_1105_7836.txt,0,161,"Strategic Command, Technology, and Multi-Domain Warfare",Command Philosophy and Leadership Doctrine,G2
2016,doc_AY2016_283_para_1105_7837.txt,19,166,Operational Readiness and Reserve Mobilization,Sustainment and Modernization Efforts,G1
2016,doc_AY2016_283_para_1105_7839.txt,1,144,"Strategic Command, Technology, and Multi-Domain Warfare",Unmanned Aerial Systems and Aviation Tech,G2
2016,doc_AY2016_283_para_1105_7840.txt,10,262,Operational Readiness and Reserve Mobilization,Army Reserve and Active Component Integration,G1
2016,doc_AY2016_283_para_1105_7841.txt,2,148,"Strategic Command, Technology, and Multi-Domain Warfare",Headquarters Operations and Integration,G2
2016,doc_AY2016_283_para_1105_7842.txt,1,128,"Strategic Command, Technology, and Multi-Domain Warfare",Unmanned Aerial Systems and Aviation Tech,G2
2016,doc_AY2016_283_para_1105_7844.txt,1,170,"Strategic Command, Technology, and Multi-Domain Warfare",Unmanned Aerial Systems and Aviation Tech,G2
2016,doc_AY2016_285_para_1107_7860.txt,0,38,"Strategic Command, Technology, and Multi-Domain Warfare",Command Philosophy and Leadership Doctrine,G2
2016,doc_AY2016_288_para_1110_7875.txt,6,163,Operational Readiness and Reserve Mobilization,Unit Training and Readiness Cycle,G1
2016,doc_AY2016_289_para_1111_7880.txt,1,87,"Strategic Command, Technology, and Multi-Domain Warfare",Unmanned Aerial Systems and Aviation Tech,G2
2016,doc_AY2016_289_para_1111_7881.txt,2,130,"Strategic Command, Technology, and Multi-Domain Warfare",Headquarters Operations and Integration,G2
2016,doc_AY2016_289_para_1111_7882.txt,1,117,"Strategic Command, Technology, and Multi-Domain Warfare",Unmanned Aerial Systems and Aviation Tech,G2
2016,doc_AY2016_289_para_1111_7883.txt,1,199,"Strategic Command, Technology, and Multi-Domain Warfare",Unmanned Aerial Systems and Aviation Tech,G2
2016,doc_AY2016_289_para_1111_7884.txt,1,93,"Strategic Command, Technology, and Multi-Domain Warfare",Unmanned Aerial Systems and Aviation Tech,G2
2016,doc_AY2016_289_para_1111_7885.txt,1,117,"Strategic Command, Technology, and Multi-Domain Warfare",Unmanned Aerial Systems and Aviation Tech,G2
2016,doc_AY2016_289_para_1111_7886.txt,1,127,"Strategic Command, Technology, and Multi-Domain Warfare",Unmanned Aerial Systems and Aviation Tech,G2
2016,doc_AY2016_289_para_1111_7887.txt,1,75,"Strategic Command, Technology, and Multi-Domain Warfare",Unmanned Aerial Systems and Aviation Tech,G2
2016,doc_AY2016_289_para_1111_7888.txt,1,65,"Strategic Command, Technology, and Multi-Domain Warfare",Unmanned Aerial Systems and Aviation Tech,G2
2016,doc_AY2016_298_para_1120_7946.txt,0,110,"Strategic Command, Technology, and Multi-Domain Warfare",Command Philosophy and Leadership Doctrine,G2
2016,doc_AY2016_298_para_1120_7948.txt,0,229,"Strategic Command, Technology, and Multi-Domain Warfare",Command Philosophy and Leadership Doctrine,G2
2016,doc_AY2016_299_para_1121_7950.txt,12,163,Operational Readiness and Reserve Mobilization,Leadership Development and Combat Planning,G1
2016,doc_AY2016_299_para_1121_7951.txt,6,93,Operational Readiness and Reserve Mobilization,Unit Training and Readiness Cycle,G1
2016,doc_AY2016_299_para_1121_7952.txt,12,135,Operational Readiness and Reserve Mobilization,Leadership Development and Combat Planning,G1
2016,doc_AY2016_299_para_1121_7953.txt,12,95,Operational Readiness and Reserve Mobilization,Leadership Development and Combat Planning,G1
2016,doc_AY2016_299_para_1121_7954.txt,12,149,Operational Readiness and Reserve Mobilization,Leadership Development and Combat Planning,G1
2016,doc_AY2016_299_para_1121_7955.txt,12,118,Operational Readiness and Reserve Mobilization,Leadership Development and Combat Planning,G1
2016,doc_AY2016_302_para_1124_7969.txt,14,142,Operational Readiness and Reserve Mobilization,Operational Reserve Training and Mobilization,G1
2016,doc_AY2016_302_para_1124_7971.txt,3,181,Operational Readiness and Reserve Mobilization,National Guard and Reserve Components,G1
2016,doc_AY2016_302_para_1124_7972.txt,16,135,Operational Readiness and Reserve Mobilization,Annual Training Requirements for Reserves,G1
2016,doc_AY2016_302_para_1124_7973.txt,12,100,Operational Readiness and Reserve Mobilization,Leadership Development and Combat Planning,G1
2016,doc_AY2016_302_para_1124_7975.txt,3,143,Operational Readiness and Reserve Mobilization,National Guard and Reserve Components,G1
2016,doc_AY2016_302_para_1124_7976.txt,14,175,Operational Readiness and Reserve Mobilization,Operational Reserve Training and Mobilization,G1
2016,doc_AY2016_302_para_1124_7977.txt,18,151,Operational Readiness and Reserve Mobilization,Reserve Support and Mobilization Duties,G1
2016,doc_AY2016_315_para_1137_8066.txt,10,136,Operational Readiness and Reserve Mobilization,Army Reserve and Active Component Integration,G1
2016,doc_AY2016_315_para_1137_8067.txt,19,219,Operational Readiness and Reserve Mobilization,Sustainment and Modernization Efforts,G1
2016,doc_AY2016_315_para_1137_8069.txt,20,117,Operational Readiness and Reserve Mobilization,Equipment Maintenance and Deployment Support,G1
2016,doc_AY2016_315_para_1137_8070.txt,19,145,Operational Readiness and Reserve Mobilization,Sustainment and Modernization Efforts,G1
2016,doc_AY2016_324_para_1146_8130.txt,0,171,"Strategic Command, Technology, and Multi-Domain Warfare",Command Philosophy and Leadership Doctrine,G2
2016,doc_AY2016_328_para_1150_8160.txt,8,133,"Strategic Command, Technology, and Multi-Domain Warfare",Additive Manufacturing Technologies,G2
2016,doc_AY2016_330_para_1152_8170.txt,2,153,"Strategic Command, Technology, and Multi-Domain Warfare",Headquarters Operations and Integration,G2
2016,doc_AY2016_330_para_1152_8172.txt,2,172,"Strategic Command, Technology, and Multi-Domain Warfare",Headquarters Operations and Integration,G2
2016,doc_AY2016_330_para_1152_8173.txt,0,113,"Strategic Command, Technology, and Multi-Domain Warfare",Command Philosophy and Leadership Doctrine,G2
2016,doc_AY2016_330_para_1152_8174.txt,2,122,"Strategic Command, Technology, and Multi-Domain Warfare",Headquarters Operations and Integration,G2
2016,doc_AY2016_330_para_1152_8175.txt,0,139,"Strategic Command, Technology, and Multi-Domain Warfare",Command Philosophy and Leadership Doctrine,G2
2016,doc_AY2016_331_para_1153_8178.txt,2,146,"Strategic Command, Technology, and Multi-Domain Warfare",Headquarters Operations and Integration,G2
2016,doc_AY2016_340_para_1162_8232.txt,16,98,Operational Readiness and Reserve Mobilization,Annual Training Requirements for Reserves,G1
2016,doc_AY2016_340_para_1162_8237.txt,12,94,Operational Readiness and Reserve Mobilization,Leadership Development and Combat Planning,G1
2016,doc_AY2016_340_para_1162_8238.txt,12,101,Operational Readiness and Reserve Mobilization,Leadership Development and Combat Planning,G1
2016,doc_AY2016_340_para_1162_8240.txt,12,123,Operational Readiness and Reserve Mobilization,Leadership Development and Combat Planning,G1
2016,doc_AY2016_344_para_1166_8261.txt,3,132,Operational Readiness and Reserve Mobilization,National Guard and Reserve Components,G1
2016,doc_AY2016_344_para_1166_8262.txt,3,208,Operational Readiness and Reserve Mobilization,National Guard and Reserve Components,G1
2016,doc_AY2016_344_para_1166_8263.txt,3,330,Operational Readiness and Reserve Mobilization,National Guard and Reserve Components,G1
2016,doc_AY2016_344_para_1166_8264.txt,3,145,Operational Readiness and Reserve Mobilization,National Guard and Reserve Components,G1
2016,doc_AY2016_344_para_1166_8265.txt,3,147,Operational Readiness and Reserve Mobilization,National Guard and Reserve Components,G1
2016,doc_AY2016_346_para_1168_8275.txt,6,234,Operational Readiness and Reserve Mobilization,Unit Training and Readiness Cycle,G1
2016,doc_AY2016_348_para_1170_8289.txt,-1,95,Outlier,Outliers,G0
2016,doc_AY2016_357_para_1179_8345.txt,17,181,"Strategic Command, Technology, and Multi-Domain Warfare",Security Force Assistance Brigades,G2
2016,doc_AY2016_359_para_1181_8355.txt,14,150,Operational Readiness and Reserve Mobilization,Operational Reserve Training and Mobilization,G1
2016,doc_AY2016_359_para_1181_8356.txt,2,186,"Strategic Command, Technology, and Multi-Domain Warfare",Headquarters Operations and Integration,G2
2016,doc_AY2016_359_para_1181_8359.txt,2,142,"Strategic Command, Technology, and Multi-Domain Warfare",Headquarters Operations and Integration,G2
2016,doc_AY2016_362_para_1184_8372.txt,0,152,"Strategic Command, Technology, and Multi-Domain Warfare",Command Philosophy and Leadership Doctrine,G2
2016,doc_AY2016_362_para_1184_8373.txt,0,197,"Strategic Command, Technology, and Multi-Domain Warfare",Command Philosophy and Leadership Doctrine,G2
2016,doc_AY2016_370_para_1192_8430.txt,0,133,"Strategic Command, Technology, and Multi-Domain Warfare",Command Philosophy and Leadership Doctrine,G2
2016,doc_AY2016_370_para_1192_8431.txt,0,129,"Strategic Command, Technology, and Multi-Domain Warfare",Command Philosophy and Leadership Doctrine,G2
2016,doc_AY2016_370_para_1192_8432.txt,13,132,Operational Readiness and Reserve Mobilization,Brigade Combat Team Readiness,G1
2016,doc_AY2016_370_para_1192_8433.txt,13,94,Operational Readiness and Reserve Mobilization,Brigade Combat Team Readiness,G1
2016,doc_AY2016_376_para_1198_8474.txt,2,125,"Strategic Command, Technology, and Multi-Domain Warfare",Headquarters Operations and Integration,G2
2016,doc_AY2016_376_para_1198_8475.txt,2,106,"Strategic Command, Technology, and Multi-Domain Warfare",Headquarters Operations and Integration,G2
2016,doc_AY2016_389_para_1211_8561.txt,0,129,"Strategic Command, Technology, and Multi-Domain Warfare",Command Philosophy and Leadership Doctrine,G2
2017,doc_AY2017_003_para_1214_8582.txt,11,213,"Strategic Command, Technology, and Multi-Domain Warfare",Domain Warfare and Artillery Operations,G2
2017,doc_AY2017_003_para_1214_8583.txt,2,184,"Strategic Command, Technology, and Multi-Domain Warfare",Headquarters Operations and Integration,G2
2017,doc_AY2017_010_para_1220_8620.txt,4,175,"Strategic Command, Technology, and Multi-Domain Warfare",Regional Alignment and Funding Support,G2
2017,doc_AY2017_015_para_1225_8647.txt,0,105,"Strategic Command, Technology, and Multi-Domain Warfare",Command Philosophy and Leadership Doctrine,G2
2017,doc_AY2017_015_para_1225_8648.txt,0,353,"Strategic Command, Technology, and Multi-Domain Warfare",Command Philosophy and Leadership Doctrine,G2
2017,doc_AY2017_015_para_1225_8654.txt,0,45,"Strategic Command, Technology, and Multi-Domain Warfare",Command Philosophy and Leadership Doctrine,G2
2017,doc_AY2017_018_para_1228_8672.txt,7,88,"Strategic Command, Technology, and Multi-Domain Warfare",Multi-Domain Operations Concepts,G2
2017,doc_AY2017_018_para_1228_8674.txt,-1,73,Outlier,Outliers,G0
2017,doc_AY2017_019_para_1229_8676.txt,16,119,Operational Readiness and Reserve Mobilization,Annual Training Requirements for Reserves,G1
2017,doc_AY2017_020_para_1230_8681.txt,10,105,Operational Readiness and Reserve Mobilization,Army Reserve and Active Component Integration,G1
2017,doc_AY2017_020_para_1230_8685.txt,20,90,Operational Readiness and Reserve Mobilization,Equipment Maintenance and Deployment Support,G1
2017,doc_AY2017_020_para_1230_8687.txt,20,118,Operational Readiness and Reserve Mobilization,Equipment Maintenance and Deployment Support,G1
2017,doc_AY2017_021_para_1231_8691.txt,13,87,Operational Readiness and Reserve Mobilization,Brigade Combat Team Readiness,G1
2017,doc_AY2017_021_para_1231_8692.txt,19,109,Operational Readiness and Reserve Mobilization,Sustainment and Modernization Efforts,G1
2017,doc_AY2017_021_para_1231_8694.txt,20,96,Operational Readiness and Reserve Mobilization,Equipment Maintenance and Deployment Support,G1
2017,doc_AY2017_023_para_1233_8705.txt,3,129,Operational Readiness and Reserve Mobilization,National Guard and Reserve Components,G1
2017,doc_AY2017_023_para_1233_8706.txt,3,147,Operational Readiness and Reserve Mobilization,National Guard and Reserve Components,G1
2017,doc_AY2017_023_para_1233_8707.txt,3,201,Operational Readiness and Reserve Mobilization,National Guard and Reserve Components,G1
2017,doc_AY2017_023_para_1233_8708.txt,6,209,Operational Readiness and Reserve Mobilization,Unit Training and Readiness Cycle,G1
2017,doc_AY2017_023_para_1233_8709.txt,18,182,Operational Readiness and Reserve Mobilization,Reserve Support and Mobilization Duties,G1
2017,doc_AY2017_023_para_1233_8710.txt,3,159,Operational Readiness and Reserve Mobilization,National Guard and Reserve Components,G1
2017,doc_AY2017_024_para_1234_8713.txt,10,188,Operational Readiness and Reserve Mobilization,Army Reserve and Active Component Integration,G1
2017,doc_AY2017_024_para_1234_8714.txt,10,254,Operational Readiness and Reserve Mobilization,Army Reserve and Active Component Integration,G1
2017,doc_AY2017_025_para_1235_8725.txt,0,174,"Strategic Command, Technology, and Multi-Domain Warfare",Command Philosophy and Leadership Doctrine,G2
2017,doc_AY2017_032_para_1242_8761.txt,18,140,Operational Readiness and Reserve Mobilization,Reserve Support and Mobilization Duties,G1
2017,doc_AY2017_032_para_1242_8763.txt,14,120,Operational Readiness and Reserve Mobilization,Operational Reserve Training and Mobilization,G1
2017,doc_AY2017_032_para_1242_8764.txt,18,98,Operational Readiness and Reserve Mobilization,Reserve Support and Mobilization Duties,G1
2017,doc_AY2017_032_para_1242_8765.txt,13,121,Operational Readiness and Reserve Mobilization,Brigade Combat Team Readiness,G1
2017,doc_AY2017_036_para_1246_8793.txt,5,111,"Strategic Command, Technology, and Multi-Domain Warfare",Defense Logistics and Enterprise Management,G2
2017,doc_AY2017_040_para_1250_8826.txt,0,42,"Strategic Command, Technology, and Multi-Domain Warfare",Command Philosophy and Leadership Doctrine,G2
2017,doc_AY2017_042_para_1252_8837.txt,5,136,"Strategic Command, Technology, and Multi-Domain Warfare",Defense Logistics and Enterprise Management,G2
2017,doc_AY2017_051_para_1261_8900.txt,0,129,"Strategic Command, Technology, and Multi-Domain Warfare",Command Philosophy and Leadership Doctrine,G2
2017,doc_AY2017_051_para_1261_8901.txt,0,160,"Strategic Command, Technology, and Multi-Domain Warfare",Command Philosophy and Leadership Doctrine,G2
2017,doc_AY2017_051_para_1261_8902.txt,0,124,"Strategic Command, Technology, and Multi-Domain Warfare",Command Philosophy and Leadership Doctrine,G2
2017,doc_AY2017_051_para_1261_8903.txt,0,108,"Strategic Command, Technology, and Multi-Domain Warfare",Command Philosophy and Leadership Doctrine,G2
2017,doc_AY2017_051_para_1261_8906.txt,0,85,"Strategic Command, Technology, and Multi-Domain Warfare",Command Philosophy and Leadership Doctrine,G2
2017,doc_AY2017_054_para_1264_8928.txt,0,209,"Strategic Command, Technology, and Multi-Domain Warfare",Command Philosophy and Leadership Doctrine,G2
2017,doc_AY2017_055_para_1265_8942.txt,1,109,"Strategic Command, Technology, and Multi-Domain Warfare",Unmanned Aerial Systems and Aviation Tech,G2
2017,doc_AY2017_058_para_1268_8957.txt,6,146,Operational Readiness and Reserve Mobilization,Unit Training and Readiness Cycle,G1
2017,doc_AY2017_061_para_1271_8980.txt,11,218,"Strategic Command, Technology, and Multi-Domain Warfare",Domain Warfare and Artillery Operations,G2
2017,doc_AY2017_061_para_1271_8982.txt,2,130,"Strategic Command, Technology, and Multi-Domain Warfare",Headquarters Operations and Integration,G2
2017,doc_AY2017_067_para_1277_9025.txt,0,106,"Strategic Command, Technology, and Multi-Domain Warfare",Command Philosophy and Leadership Doctrine,G2
2017,doc_AY2017_073_para_1283_9078.txt,0,86,"Strategic Command, Technology, and Multi-Domain Warfare",Command Philosophy and Leadership Doctrine,G2
2017,doc_AY2017_083_para_1293_9153.txt,1,127,"Strategic Command, Technology, and Multi-Domain Warfare",Unmanned Aerial Systems and Aviation Tech,G2
2017,doc_AY2017_083_para_1293_9157.txt,20,105,Operational Readiness and Reserve Mobilization,Equipment Maintenance and Deployment Support,G1
2017,doc_AY2017_083_para_1293_9159.txt,18,104,Operational Readiness and Reserve Mobilization,Reserve Support and Mobilization Duties,G1
2017,doc_AY2017_087_para_1297_9181.txt,0,115,"Strategic Command, Technology, and Multi-Domain Warfare",Command Philosophy and Leadership Doctrine,G2
2017,doc_AY2017_105_para_1315_9301.txt,2,113,"Strategic Command, Technology, and Multi-Domain Warfare",Headquarters Operations and Integration,G2
2017,doc_AY2017_114_para_1324_9355.txt,18,145,Operational Readiness and Reserve Mobilization,Reserve Support and Mobilization Duties,G1
2017,doc_AY2017_114_para_1324_9357.txt,2,124,"Strategic Command, Technology, and Multi-Domain Warfare",Headquarters Operations and Integration,G2
2017,doc_AY2017_118_para_1328_9395.txt,5,115,"Strategic Command, Technology, and Multi-Domain Warfare",Defense Logistics and Enterprise Management,G2
2017,doc_AY2017_118_para_1328_9397.txt,13,73,Operational Readiness and Reserve Mobilization,Brigade Combat Team Readiness,G1
2017,doc_AY2017_120_para_1330_9406.txt,11,153,"Strategic Command, Technology, and Multi-Domain Warfare",Domain Warfare and Artillery Operations,G2
2017,doc_AY2017_120_para_1330_9407.txt,0,340,"Strategic Command, Technology, and Multi-Domain Warfare",Command Philosophy and Leadership Doctrine,G2
2017,doc_AY2017_120_para_1330_9409.txt,7,189,"Strategic Command, Technology, and Multi-Domain Warfare",Multi-Domain Operations Concepts,G2
2017,doc_AY2017_120_para_1330_9410.txt,0,92,"Strategic Command, Technology, and Multi-Domain Warfare",Command Philosophy and Leadership Doctrine,G2
2017,doc_AY2017_129_para_1339_9476.txt,11,137,"Strategic Command, Technology, and Multi-Domain Warfare",Domain Warfare and Artillery Operations,G2
2017,doc_AY2017_130_para_1340_9485.txt,1,152,"Strategic Command, Technology, and Multi-Domain Warfare",Unmanned Aerial Systems and Aviation Tech,G2
2017,doc_AY2017_130_para_1340_9489.txt,17,93,"Strategic Command, Technology, and Multi-Domain Warfare",Security Force Assistance Brigades,G2
2017,doc_AY2017_132_para_1342_9505.txt,0,152,"Strategic Command, Technology, and Multi-Domain Warfare",Command Philosophy and Leadership Doctrine,G2
2017,doc_AY2017_132_para_1342_9509.txt,12,141,Operational Readiness and Reserve Mobilization,Leadership Development and Combat Planning,G1
2017,doc_AY2017_137_para_1347_9550.txt,14,143,Operational Readiness and Reserve Mobilization,Operational Reserve Training and Mobilization,G1
2017,doc_AY2017_137_para_1347_9551.txt,3,201,Operational Readiness and Reserve Mobilization,National Guard and Reserve Components,G1
2017,doc_AY2017_137_para_1347_9552.txt,6,112,Operational Readiness and Reserve Mobilization,Unit Training and Readiness Cycle,G1
2017,doc_AY2017_137_para_1347_9553.txt,16,90,Operational Readiness and Reserve Mobilization,Annual Training Requirements for Reserves,G1
2017,doc_AY2017_137_para_1347_9554.txt,9,156,Operational Readiness and Reserve Mobilization,Mobilization Processes for Reserves,G1
2017,doc_AY2017_137_para_1347_9555.txt,9,82,Operational Readiness and Reserve Mobilization,Mobilization Processes for Reserves,G1
2017,doc_AY2017_137_para_1347_9556.txt,10,92,Operational Readiness and Reserve Mobilization,Army Reserve and Active Component Integration,G1
2017,doc_AY2017_137_para_1347_9557.txt,16,104,Operational Readiness and Reserve Mobilization,Annual Training Requirements for Reserves,G1
2017,doc_AY2017_139_para_1349_9564.txt,1,149,"Strategic Command, Technology, and Multi-Domain Warfare",Unmanned Aerial Systems and Aviation Tech,G2
2017,doc_AY2017_139_para_1349_9565.txt,1,129,"Strategic Command, Technology, and Multi-Domain Warfare",Unmanned Aerial Systems and Aviation Tech,G2
2017,doc_AY2017_139_para_1349_9566.txt,1,89,"Strategic Command, Technology, and Multi-Domain Warfare",Unmanned Aerial Systems and Aviation Tech,G2
2017,doc_AY2017_139_para_1349_9567.txt,1,154,"Strategic Command, Technology, and Multi-Domain Warfare",Unmanned Aerial Systems and Aviation Tech,G2
2017,doc_AY2017_139_para_1349_9569.txt,1,94,"Strategic Command, Technology, and Multi-Domain Warfare",Unmanned Aerial Systems and Aviation Tech,G2
2017,doc_AY2017_139_para_1349_9570.txt,1,145,"Strategic Command, Technology, and Multi-Domain Warfare",Unmanned Aerial Systems and Aviation Tech,G2
2017,doc_AY2017_139_para_1349_9571.txt,1,93,"Strategic Command, Technology, and Multi-Domain Warfare",Unmanned Aerial Systems and Aviation Tech,G2
2017,doc_AY2017_140_para_1350_9576.txt,0,115,"Strategic Command, Technology, and Multi-Domain Warfare",Command Philosophy and Leadership Doctrine,G2
2017,doc_AY2017_140_para_1350_9577.txt,0,168,"Strategic Command, Technology, and Multi-Domain Warfare",Command Philosophy and Leadership Doctrine,G2
2017,doc_AY2017_140_para_1350_9578.txt,0,182,"Strategic Command, Technology, and Multi-Domain Warfare",Command Philosophy and Leadership Doctrine,G2
2017,doc_AY2017_145_para_1355_9613.txt,1,111,"Strategic Command, Technology, and Multi-Domain Warfare",Unmanned Aerial Systems and Aviation Tech,G2
2017,doc_AY2017_145_para_1355_9614.txt,1,113,"Strategic Command, Technology, and Multi-Domain Warfare",Unmanned Aerial Systems and Aviation Tech,G2
2017,doc_AY2017_145_para_1355_9615.txt,1,103,"Strategic Command, Technology, and Multi-Domain Warfare",Unmanned Aerial Systems and Aviation Tech,G2
2017,doc_AY2017_145_para_1355_9616.txt,1,137,"Strategic Command, Technology, and Multi-Domain Warfare",Unmanned Aerial Systems and Aviation Tech,G2
2017,doc_AY2017_145_para_1355_9617.txt,1,171,"Strategic Command, Technology, and Multi-Domain Warfare",Unmanned Aerial Systems and Aviation Tech,G2
2017,doc_AY2017_145_para_1355_9618.txt,1,189,"Strategic Command, Technology, and Multi-Domain Warfare",Unmanned Aerial Systems and Aviation Tech,G2
2017,doc_AY2017_159_para_1369_9725.txt,0,117,"Strategic Command, Technology, and Multi-Domain Warfare",Command Philosophy and Leadership Doctrine,G2
2017,doc_AY2017_159_para_1369_9727.txt,0,80,"Strategic Command, Technology, and Multi-Domain Warfare",Command Philosophy and Leadership Doctrine,G2
2017,doc_AY2017_160_para_1370_9729.txt,3,232,Operational Readiness and Reserve Mobilization,National Guard and Reserve Components,G1
2017,doc_AY2017_160_para_1370_9730.txt,10,146,Operational Readiness and Reserve Mobilization,Army Reserve and Active Component Integration,G1
2017,doc_AY2017_160_para_1370_9731.txt,16,154,Operational Readiness and Reserve Mobilization,Annual Training Requirements for Reserves,G1
2017,doc_AY2017_160_para_1370_9732.txt,10,252,Operational Readiness and Reserve Mobilization,Army Reserve and Active Component Integration,G1
2017,doc_AY2017_160_para_1370_9733.txt,6,124,Operational Readiness and Reserve Mobilization,Unit Training and Readiness Cycle,G1
2017,doc_AY2017_160_para_1370_9734.txt,13,132,Operational Readiness and Reserve Mobilization,Brigade Combat Team Readiness,G1
2017,doc_AY2017_160_para_1370_9735.txt,3,209,Operational Readiness and Reserve Mobilization,National Guard and Reserve Components,G1
2017,doc_AY2017_160_para_1370_9736.txt,10,26,Operational Readiness and Reserve Mobilization,Army Reserve and Active Component Integration,G1
2017,doc_AY2017_163_para_1373_9757.txt,0,232,"Strategic Command, Technology, and Multi-Domain Warfare",Command Philosophy and Leadership Doctrine,G2
2017,doc_AY2017_165_para_1375_9772.txt,6,159,Operational Readiness and Reserve Mobilization,Unit Training and Readiness Cycle,G1
2017,doc_AY2017_166_para_1376_9779.txt,1,176,"Strategic Command, Technology, and Multi-Domain Warfare",Unmanned Aerial Systems and Aviation Tech,G2
2017,doc_AY2017_167_para_1377_9783.txt,0,84,"Strategic Command, Technology, and Multi-Domain Warfare",Command Philosophy and Leadership Doctrine,G2
2017,doc_AY2017_168_para_1378_9788.txt,8,213,"Strategic Command, Technology, and Multi-Domain Warfare",Additive Manufacturing Technologies,G2
2017,doc_AY2017_168_para_1378_9789.txt,8,274,"Strategic Command, Technology, and Multi-Domain Warfare",Additive Manufacturing Technologies,G2
2017,doc_AY2017_168_para_1378_9790.txt,8,173,"Strategic Command, Technology, and Multi-Domain Warfare",Additive Manufacturing Technologies,G2
2017,doc_AY2017_168_para_1378_9791.txt,8,173,"Strategic Command, Technology, and Multi-Domain Warfare",Additive Manufacturing Technologies,G2
2017,doc_AY2017_168_para_1378_9792.txt,8,94,"Strategic Command, Technology, and Multi-Domain Warfare",Additive Manufacturing Technologies,G2
2017,doc_AY2017_174_para_1384_9830.txt,7,200,"Strategic Command, Technology, and Multi-Domain Warfare",Multi-Domain Operations Concepts,G2
2017,doc_AY2017_174_para_1384_9831.txt,0,185,"Strategic Command, Technology, and Multi-Domain Warfare",Command Philosophy and Leadership Doctrine,G2
2017,doc_AY2017_179_para_1389_9863.txt,14,112,Operational Readiness and Reserve Mobilization,Operational Reserve Training and Mobilization,G1
2017,doc_AY2017_179_para_1389_9864.txt,18,141,Operational Readiness and Reserve Mobilization,Reserve Support and Mobilization Duties,G1
2017,doc_AY2017_179_para_1389_9865.txt,13,112,Operational Readiness and Reserve Mobilization,Brigade Combat Team Readiness,G1
2017,doc_AY2017_179_para_1389_9867.txt,2,109,"Strategic Command, Technology, and Multi-Domain Warfare",Headquarters Operations and Integration,G2
2017,doc_AY2017_184_para_1394_9895.txt,0,180,"Strategic Command, Technology, and Multi-Domain Warfare",Command Philosophy and Leadership Doctrine,G2
2017,doc_AY2017_185_para_1395_9900.txt,0,207,"Strategic Command, Technology, and Multi-Domain Warfare",Command Philosophy and Leadership Doctrine,G2
2017,doc_AY2017_185_para_1395_9903.txt,16,97,Operational Readiness and Reserve Mobilization,Annual Training Requirements for Reserves,G1
2017,doc_AY2017_188_para_1398_9920.txt,13,188,Operational Readiness and Reserve Mobilization,Brigade Combat Team Readiness,G1
2017,doc_AY2017_193_para_1403_9958.txt,10,89,Operational Readiness and Reserve Mobilization,Army Reserve and Active Component Integration,G1
2017,doc_AY2017_195_para_1405_9966.txt,5,132,"Strategic Command, Technology, and Multi-Domain Warfare",Defense Logistics and Enterprise Management,G2
2017,doc_AY2017_195_para_1405_9967.txt,10,142,Operational Readiness and Reserve Mobilization,Army Reserve and Active Component Integration,G1
2017,doc_AY2017_196_para_1406_9972.txt,14,143,Operational Readiness and Reserve Mobilization,Operational Reserve Training and Mobilization,G1
2017,doc_AY2017_196_para_1406_9973.txt,14,243,Operational Readiness and Reserve Mobilization,Operational Reserve Training and Mobilization,G1
2017,doc_AY2017_196_para_1406_9974.txt,3,278,Operational Readiness and Reserve Mobilization,National Guard and Reserve Components,G1
2017,doc_AY2017_196_para_1406_9975.txt,14,84,Operational Readiness and Reserve Mobilization,Operational Reserve Training and Mobilization,G1
2017,doc_AY2017_196_para_1406_9977.txt,14,160,Operational Readiness and Reserve Mobilization,Operational Reserve Training and Mobilization,G1
2017,doc_AY2017_200_para_1410_10003.txt,3,144,Operational Readiness and Reserve Mobilization,National Guard and Reserve Components,G1
2017,doc_AY2017_204_para_1414_10024.txt,14,136,Operational Readiness and Reserve Mobilization,Operational Reserve Training and Mobilization,G1
2017,doc_AY2017_204_para_1414_10025.txt,3,101,Operational Readiness and Reserve Mobilization,National Guard and Reserve Components,G1
2017,doc_AY2017_204_para_1414_10028.txt,18,127,Operational Readiness and Reserve Mobilization,Reserve Support and Mobilization Duties,G1
2017,doc_AY2017_206_para_1416_10039.txt,0,292,"Strategic Command, Technology, and Multi-Domain Warfare",Command Philosophy and Leadership Doctrine,G2
2017,doc_AY2017_206_para_1416_10042.txt,2,185,"Strategic Command, Technology, and Multi-Domain Warfare",Headquarters Operations and Integration,G2
2017,doc_AY2017_207_para_1417_10046.txt,0,157,"Strategic Command, Technology, and Multi-Domain Warfare",Command Philosophy and Leadership Doctrine,G2
2017,doc_AY2017_208_para_1418_10050.txt,0,115,"Strategic Command, Technology, and Multi-Domain Warfare",Command Philosophy and Leadership Doctrine,G2
2017,doc_AY2017_208_para_1418_10051.txt,0,111,"Strategic Command, Technology, and Multi-Domain Warfare",Command Philosophy and Leadership Doctrine,G2
2017,doc_AY2017_208_para_1418_10053.txt,0,154,"Strategic Command, Technology, and Multi-Domain Warfare",Command Philosophy and Leadership Doctrine,G2
2017,doc_AY2017_208_para_1418_10054.txt,0,88,"Strategic Command, Technology, and Multi-Domain Warfare",Command Philosophy and Leadership Doctrine,G2
2017,doc_AY2017_208_para_1418_10055.txt,0,103,"Strategic Command, Technology, and Multi-Domain Warfare",Command Philosophy and Leadership Doctrine,G2
2017,doc_AY2017_210_para_1420_10065.txt,1,164,"Strategic Command, Technology, and Multi-Domain Warfare",Unmanned Aerial Systems and Aviation Tech,G2
2017,doc_AY2017_210_para_1420_10066.txt,1,209,"Strategic Command, Technology, and Multi-Domain Warfare",Unmanned Aerial Systems and Aviation Tech,G2
2017,doc_AY2017_210_para_1420_10068.txt,1,191,"Strategic Command, Technology, and Multi-Domain Warfare",Unmanned Aerial Systems and Aviation Tech,G2
2017,doc_AY2017_210_para_1420_10069.txt,5,177,"Strategic Command, Technology, and Multi-Domain Warfare",Defense Logistics and Enterprise Management,G2
2017,doc_AY2017_212_para_1422_10081.txt,10,164,Operational Readiness and Reserve Mobilization,Army Reserve and Active Component Integration,G1
2017,doc_AY2017_212_para_1422_10083.txt,10,212,Operational Readiness and Reserve Mobilization,Army Reserve and Active Component Integration,G1
2017,doc_AY2017_212_para_1422_10086.txt,10,251,Operational Readiness and Reserve Mobilization,Army Reserve and Active Component Integration,G1
2017,doc_AY2017_212_para_1422_10087.txt,-1,94,Outlier,Outliers,G0
2017,doc_AY2017_213_para_1423_10089.txt,3,179,Operational Readiness and Reserve Mobilization,National Guard and Reserve Components,G1
2017,doc_AY2017_213_para_1423_10094.txt,0,146,"Strategic Command, Technology, and Multi-Domain Warfare",Command Philosophy and Leadership Doctrine,G2
2017,doc_AY2017_220_para_1430_10134.txt,6,92,Operational Readiness and Reserve Mobilization,Unit Training and Readiness Cycle,G1
2017,doc_AY2017_220_para_1430_10135.txt,6,126,Operational Readiness and Reserve Mobilization,Unit Training and Readiness Cycle,G1
2017,doc_AY2017_220_para_1430_10136.txt,16,183,Operational Readiness and Reserve Mobilization,Annual Training Requirements for Reserves,G1
2017,doc_AY2017_220_para_1430_10137.txt,0,155,"Strategic Command, Technology, and Multi-Domain Warfare",Command Philosophy and Leadership Doctrine,G2
2017,doc_AY2017_220_para_1430_10139.txt,16,121,Operational Readiness and Reserve Mobilization,Annual Training Requirements for Reserves,G1
2017,doc_AY2017_224_para_1434_10156.txt,10,167,Operational Readiness and Reserve Mobilization,Army Reserve and Active Component Integration,G1
2017,doc_AY2017_224_para_1434_10157.txt,10,128,Operational Readiness and Reserve Mobilization,Army Reserve and Active Component Integration,G1
2017,doc_AY2017_224_para_1434_10158.txt,10,118,Operational Readiness and Reserve Mobilization,Army Reserve and Active Component Integration,G1
2017,doc_AY2017_226_para_1436_10168.txt,1,119,"Strategic Command, Technology, and Multi-Domain Warfare",Unmanned Aerial Systems and Aviation Tech,G2
2017,doc_AY2017_226_para_1436_10169.txt,1,152,"Strategic Command, Technology, and Multi-Domain Warfare",Unmanned Aerial Systems and Aviation Tech,G2
2017,doc_AY2017_226_para_1436_10170.txt,1,192,"Strategic Command, Technology, and Multi-Domain Warfare",Unmanned Aerial Systems and Aviation Tech,G2
2017,doc_AY2017_226_para_1436_10171.txt,1,194,"Strategic Command, Technology, and Multi-Domain Warfare",Unmanned Aerial Systems and Aviation Tech,G2
2017,doc_AY2017_226_para_1436_10172.txt,1,191,"Strategic Command, Technology, and Multi-Domain Warfare",Unmanned Aerial Systems and Aviation Tech,G2
2017,doc_AY2017_226_para_1436_10173.txt,1,148,"Strategic Command, Technology, and Multi-Domain Warfare",Unmanned Aerial Systems and Aviation Tech,G2
2017,doc_AY2017_226_para_1436_10174.txt,1,89,"Strategic Command, Technology, and Multi-Domain Warfare",Unmanned Aerial Systems and Aviation Tech,G2
2017,doc_AY2017_228_para_1438_10182.txt,2,151,"Strategic Command, Technology, and Multi-Domain Warfare",Headquarters Operations and Integration,G2
2017,doc_AY2017_230_para_1440_10197.txt,6,71,Operational Readiness and Reserve Mobilization,Unit Training and Readiness Cycle,G1
2017,doc_AY2017_230_para_1440_10200.txt,13,164,Operational Readiness and Reserve Mobilization,Brigade Combat Team Readiness,G1
2017,doc_AY2017_230_para_1440_10202.txt,12,84,Operational Readiness and Reserve Mobilization,Leadership Development and Combat Planning,G1
2017,doc_AY2017_230_para_1440_10203.txt,0,97,"Strategic Command, Technology, and Multi-Domain Warfare",Command Philosophy and Leadership Doctrine,G2
2017,doc_AY2017_230_para_1440_10204.txt,6,110,Operational Readiness and Reserve Mobilization,Unit Training and Readiness Cycle,G1
2017,doc_AY2017_230_para_1440_10206.txt,6,102,Operational Readiness and Reserve Mobilization,Unit Training and Readiness Cycle,G1
2017,doc_AY2017_238_para_1448_10263.txt,0,119,"Strategic Command, Technology, and Multi-Domain Warfare",Command Philosophy and Leadership Doctrine,G2
2017,doc_AY2017_238_para_1448_10264.txt,7,128,"Strategic Command, Technology, and Multi-Domain Warfare",Multi-Domain Operations Concepts,G2
2017,doc_AY2017_239_para_1449_10269.txt,13,130,Operational Readiness and Reserve Mobilization,Brigade Combat Team Readiness,G1
2017,doc_AY2017_239_para_1449_10272.txt,13,138,Operational Readiness and Reserve Mobilization,Brigade Combat Team Readiness,G1
2017,doc_AY2017_242_para_1452_10287.txt,7,150,"Strategic Command, Technology, and Multi-Domain Warfare",Multi-Domain Operations Concepts,G2
2017,doc_AY2017_242_para_1452_10288.txt,1,127,"Strategic Command, Technology, and Multi-Domain Warfare",Unmanned Aerial Systems and Aviation Tech,G2
2017,doc_AY2017_245_para_1455_10311.txt,17,71,"Strategic Command, Technology, and Multi-Domain Warfare",Security Force Assistance Brigades,G2
2017,doc_AY2017_249_para_1459_10337.txt,16,70,Operational Readiness and Reserve Mobilization,Annual Training Requirements for Reserves,G1
2017,doc_AY2017_249_para_1459_10339.txt,16,161,Operational Readiness and Reserve Mobilization,Annual Training Requirements for Reserves,G1
2017,doc_AY2017_249_para_1459_10342.txt,12,209,Operational Readiness and Reserve Mobilization,Leadership Development and Combat Planning,G1
2017,doc_AY2017_256_para_1466_10386.txt,0,151,"Strategic Command, Technology, and Multi-Domain Warfare",Command Philosophy and Leadership Doctrine,G2
2017,doc_AY2017_258_para_1468_10397.txt,4,147,"Strategic Command, Technology, and Multi-Domain Warfare",Regional Alignment and Funding Support,G2
2017,doc_AY2017_258_para_1468_10398.txt,4,181,"Strategic Command, Technology, and Multi-Domain Warfare",Regional Alignment and Funding Support,G2
2017,doc_AY2017_258_para_1468_10399.txt,4,136,"Strategic Command, Technology, and Multi-Domain Warfare",Regional Alignment and Funding Support,G2
2017,doc_AY2017_258_para_1468_10400.txt,4,96,"Strategic Command, Technology, and Multi-Domain Warfare",Regional Alignment and Funding Support,G2
2017,doc_AY2017_258_para_1468_10401.txt,4,213,"Strategic Command, Technology, and Multi-Domain Warfare",Regional Alignment and Funding Support,G2
2017,doc_AY2017_262_para_1472_10427.txt,10,102,Operational Readiness and Reserve Mobilization,Army Reserve and Active Component Integration,G1
2017,doc_AY2017_262_para_1472_10428.txt,10,126,Operational Readiness and Reserve Mobilization,Army Reserve and Active Component Integration,G1
2017,doc_AY2017_262_para_1472_10429.txt,18,142,Operational Readiness and Reserve Mobilization,Reserve Support and Mobilization Duties,G1
2017,doc_AY2017_262_para_1472_10430.txt,18,140,Operational Readiness and Reserve Mobilization,Reserve Support and Mobilization Duties,G1
2017,doc_AY2017_262_para_1472_10431.txt,18,82,Operational Readiness and Reserve Mobilization,Reserve Support and Mobilization Duties,G1
2017,doc_AY2017_262_para_1472_10432.txt,18,115,Operational Readiness and Reserve Mobilization,Reserve Support and Mobilization Duties,G1
2017,doc_AY2017_263_para_1473_10435.txt,6,125,Operational Readiness and Reserve Mobilization,Unit Training and Readiness Cycle,G1
2017,doc_AY2017_265_para_1475_10447.txt,6,96,Operational Readiness and Reserve Mobilization,Unit Training and Readiness Cycle,G1
2017,doc_AY2017_270_para_1480_10480.txt,2,173,"Strategic Command, Technology, and Multi-Domain Warfare",Headquarters Operations and Integration,G2
2017,doc_AY2017_270_para_1480_10481.txt,2,145,"Strategic Command, Technology, and Multi-Domain Warfare",Headquarters Operations and Integration,G2
2017,doc_AY2017_273_para_1483_10503.txt,0,232,"Strategic Command, Technology, and Multi-Domain Warfare",Command Philosophy and Leadership Doctrine,G2
2017,doc_AY2017_282_para_1492_10570.txt,13,193,Operational Readiness and Reserve Mobilization,Brigade Combat Team Readiness,G1
2017,doc_AY2017_282_para_1492_10572.txt,4,85,"Strategic Command, Technology, and Multi-Domain Warfare",Regional Alignment and Funding Support,G2
2017,doc_AY2017_294_para_1504_10646.txt,5,289,"Strategic Command, Technology, and Multi-Domain Warfare",Defense Logistics and Enterprise Management,G2
2017,doc_AY2017_294_para_1504_10650.txt,5,172,"Strategic Command, Technology, and Multi-Domain Warfare",Defense Logistics and Enterprise Management,G2
2017,doc_AY2017_296_para_1506_10659.txt,1,103,"Strategic Command, Technology, and Multi-Domain Warfare",Unmanned Aerial Systems and Aviation Tech,G2
2017,doc_AY2017_296_para_1506_10660.txt,1,137,"Strategic Command, Technology, and Multi-Domain Warfare",Unmanned Aerial Systems and Aviation Tech,G2
2017,doc_AY2017_296_para_1506_10661.txt,1,111,"Strategic Command, Technology, and Multi-Domain Warfare",Unmanned Aerial Systems and Aviation Tech,G2
2017,doc_AY2017_296_para_1506_10662.txt,1,183,"Strategic Command, Technology, and Multi-Domain Warfare",Unmanned Aerial Systems and Aviation Tech,G2
2017,doc_AY2017_296_para_1506_10664.txt,1,139,"Strategic Command, Technology, and Multi-Domain Warfare",Unmanned Aerial Systems and Aviation Tech,G2
2017,doc_AY2017_301_para_1511_10708.txt,19,116,Operational Readiness and Reserve Mobilization,Sustainment and Modernization Efforts,G1
2017,doc_AY2017_306_para_1516_10739.txt,0,125,"Strategic Command, Technology, and Multi-Domain Warfare",Command Philosophy and Leadership Doctrine,G2
2017,doc_AY2017_306_para_1516_10741.txt,0,229,"Strategic Command, Technology, and Multi-Domain Warfare",Command Philosophy and Leadership Doctrine,G2
2017,doc_AY2017_313_para_1523_10790.txt,1,153,"Strategic Command, Technology, and Multi-Domain Warfare",Unmanned Aerial Systems and Aviation Tech,G2
2017,doc_AY2017_313_para_1523_10791.txt,1,231,"Strategic Command, Technology, and Multi-Domain Warfare",Unmanned Aerial Systems and Aviation Tech,G2
2017,doc_AY2017_313_para_1523_10793.txt,1,141,"Strategic Command, Technology, and Multi-Domain Warfare",Unmanned Aerial Systems and Aviation Tech,G2
2017,doc_AY2017_313_para_1523_10795.txt,1,147,"Strategic Command, Technology, and Multi-Domain Warfare",Unmanned Aerial Systems and Aviation Tech,G2
2017,doc_AY2017_314_para_1524_10796.txt,1,240,"Strategic Command, Technology, and Multi-Domain Warfare",Unmanned Aerial Systems and Aviation Tech,G2
2017,doc_AY2017_314_para_1524_10799.txt,1,71,"Strategic Command, Technology, and Multi-Domain Warfare",Unmanned Aerial Systems and Aviation Tech,G2
2017,doc_AY2017_317_para_1527_10822.txt,2,113,"Strategic Command, Technology, and Multi-Domain Warfare",Headquarters Operations and Integration,G2
2017,doc_AY2017_319_para_1529_10828.txt,12,152,Operational Readiness and Reserve Mobilization,Leadership Development and Combat Planning,G1
2017,doc_AY2017_319_para_1529_10830.txt,12,268,Operational Readiness and Reserve Mobilization,Leadership Development and Combat Planning,G1
2017,doc_AY2017_319_para_1529_10831.txt,12,167,Operational Readiness and Reserve Mobilization,Leadership Development and Combat Planning,G1
2017,doc_AY2017_319_para_1529_10832.txt,10,122,Operational Readiness and Reserve Mobilization,Army Reserve and Active Component Integration,G1
2017,doc_AY2017_319_para_1529_10833.txt,13,139,Operational Readiness and Reserve Mobilization,Brigade Combat Team Readiness,G1
2017,doc_AY2017_319_para_1529_10834.txt,16,118,Operational Readiness and Reserve Mobilization,Annual Training Requirements for Reserves,G1
2017,doc_AY2017_319_para_1529_10835.txt,12,129,Operational Readiness and Reserve Mobilization,Leadership Development and Combat Planning,G1
2017,doc_AY2017_319_para_1529_10836.txt,12,97,Operational Readiness and Reserve Mobilization,Leadership Development and Combat Planning,G1
2017,doc_AY2017_320_para_1530_10843.txt,1,133,"Strategic Command, Technology, and Multi-Domain Warfare",Unmanned Aerial Systems and Aviation Tech,G2
2017,doc_AY2017_325_para_1535_10872.txt,0,117,"Strategic Command, Technology, and Multi-Domain Warfare",Command Philosophy and Leadership Doctrine,G2
2017,doc_AY2017_336_para_1545_10939.txt,14,130,Operational Readiness and Reserve Mobilization,Operational Reserve Training and Mobilization,G1
2017,doc_AY2017_336_para_1545_10940.txt,3,278,Operational Readiness and Reserve Mobilization,National Guard and Reserve Components,G1
2017,doc_AY2017_336_para_1545_10941.txt,14,299,Operational Readiness and Reserve Mobilization,Operational Reserve Training and Mobilization,G1
2017,doc_AY2017_336_para_1545_10942.txt,6,141,Operational Readiness and Reserve Mobilization,Unit Training and Readiness Cycle,G1
2017,doc_AY2017_336_para_1545_10943.txt,18,125,Operational Readiness and Reserve Mobilization,Reserve Support and Mobilization Duties,G1
2017,doc_AY2017_346_para_1555_10999.txt,1,155,"Strategic Command, Technology, and Multi-Domain Warfare",Unmanned Aerial Systems and Aviation Tech,G2
2017,doc_AY2017_346_para_1555_11002.txt,1,181,"Strategic Command, Technology, and Multi-Domain Warfare",Unmanned Aerial Systems and Aviation Tech,G2
2017,doc_AY2017_346_para_1555_11003.txt,1,84,"Strategic Command, Technology, and Multi-Domain Warfare",Unmanned Aerial Systems and Aviation Tech,G2
2017,doc_AY2017_350_para_1559_11031.txt,3,104,Operational Readiness and Reserve Mobilization,National Guard and Reserve Components,G1
2017,doc_AY2017_358_para_1567_11097.txt,0,161,"Strategic Command, Technology, and Multi-Domain Warfare",Command Philosophy and Leadership Doctrine,G2
2017,doc_AY2017_363_para_1572_11121.txt,10,173,Operational Readiness and Reserve Mobilization,Army Reserve and Active Component Integration,G1
2017,doc_AY2017_363_para_1572_11129.txt,0,47,"Strategic Command, Technology, and Multi-Domain Warfare",Command Philosophy and Leadership Doctrine,G2
2017,doc_AY2017_364_para_1573_11137.txt,2,129,"Strategic Command, Technology, and Multi-Domain Warfare",Headquarters Operations and Integration,G2
2017,doc_AY2017_369_para_1578_11162.txt,1,80,"Strategic Command, Technology, and Multi-Domain Warfare",Unmanned Aerial Systems and Aviation Tech,G2
2017,doc_AY2017_369_para_1578_11163.txt,1,210,"Strategic Command, Technology, and Multi-Domain Warfare",Unmanned Aerial Systems and Aviation Tech,G2
2017,doc_AY2017_369_para_1578_11165.txt,1,143,"Strategic Command, Technology, and Multi-Domain Warfare",Unmanned Aerial Systems and Aviation Tech,G2
2017,doc_AY2017_369_para_1578_11166.txt,1,121,"Strategic Command, Technology, and Multi-Domain Warfare",Unmanned Aerial Systems and Aviation Tech,G2
2017,doc_AY2017_369_para_1578_11167.txt,1,97,"Strategic Command, Technology, and Multi-Domain Warfare",Unmanned Aerial Systems and Aviation Tech,G2
2017,doc_AY2017_370_para_1579_11168.txt,6,124,Operational Readiness and Reserve Mobilization,Unit Training and Readiness Cycle,G1
2017,doc_AY2017_370_para_1579_11169.txt,16,178,Operational Readiness and Reserve Mobilization,Annual Training Requirements for Reserves,G1
2017,doc_AY2017_370_para_1579_11170.txt,6,192,Operational Readiness and Reserve Mobilization,Unit Training and Readiness Cycle,G1
2017,doc_AY2017_370_para_1579_11171.txt,12,134,Operational Readiness and Reserve Mobilization,Leadership Development and Combat Planning,G1
2017,doc_AY2017_370_para_1579_11172.txt,6,139,Operational Readiness and Reserve Mobilization,Unit Training and Readiness Cycle,G1
2017,doc_AY2017_374_para_1583_11192.txt,3,108,Operational Readiness and Reserve Mobilization,National Guard and Reserve Components,G1
2017,doc_AY2017_374_para_1583_11196.txt,3,114,Operational Readiness and Reserve Mobilization,National Guard and Reserve Components,G1
2017,doc_AY2017_374_para_1583_11198.txt,3,100,Operational Readiness and Reserve Mobilization,National Guard and Reserve Components,G1
2017,doc_AY2017_374_para_1583_11199.txt,3,106,Operational Readiness and Reserve Mobilization,National Guard and Reserve Components,G1
2018,doc_AY2018_001_para_1596_11284.txt,11,161,"Strategic Command, Technology, and Multi-Domain Warfare",Domain Warfare and Artillery Operations,G2
2018,doc_AY2018_001_para_1596_11286.txt,2,245,"Strategic Command, Technology, and Multi-Domain Warfare",Headquarters Operations and Integration,G2
2018,doc_AY2018_001_para_1596_11290.txt,11,72,"Strategic Command, Technology, and Multi-Domain Warfare",Domain Warfare and Artillery Operations,G2
2018,doc_AY2018_002_para_1597_11291.txt,10,159,Operational Readiness and Reserve Mobilization,Army Reserve and Active Component Integration,G1
2018,doc_AY2018_002_para_1597_11292.txt,19,135,Operational Readiness and Reserve Mobilization,Sustainment and Modernization Efforts,G1
2018,doc_AY2018_002_para_1597_11294.txt,19,226,Operational Readiness and Reserve Mobilization,Sustainment and Modernization Efforts,G1
2018,doc_AY2018_002_para_1597_11295.txt,19,123,Operational Readiness and Reserve Mobilization,Sustainment and Modernization Efforts,G1
2018,doc_AY2018_002_para_1597_11296.txt,6,84,Operational Readiness and Reserve Mobilization,Unit Training and Readiness Cycle,G1
2018,doc_AY2018_011_para_1606_11350.txt,14,147,Operational Readiness and Reserve Mobilization,Operational Reserve Training and Mobilization,G1
2018,doc_AY2018_011_para_1606_11352.txt,3,110,Operational Readiness and Reserve Mobilization,National Guard and Reserve Components,G1
2018,doc_AY2018_011_para_1606_11353.txt,14,131,Operational Readiness and Reserve Mobilization,Operational Reserve Training and Mobilization,G1
2018,doc_AY2018_011_para_1606_11354.txt,14,166,Operational Readiness and Reserve Mobilization,Operational Reserve Training and Mobilization,G1
2018,doc_AY2018_011_para_1606_11356.txt,6,50,Operational Readiness and Reserve Mobilization,Unit Training and Readiness Cycle,G1
2018,doc_AY2018_024_para_1619_11429.txt,15,130,"Strategic Command, Technology, and Multi-Domain Warfare",Artillery and Missile Capability Integration,G2
2018,doc_AY2018_024_para_1619_11430.txt,7,224,"Strategic Command, Technology, and Multi-Domain Warfare",Multi-Domain Operations Concepts,G2
2018,doc_AY2018_024_para_1619_11431.txt,15,102,"Strategic Command, Technology, and Multi-Domain Warfare",Artillery and Missile Capability Integration,G2
2018,doc_AY2018_024_para_1619_11432.txt,13,129,Operational Readiness and Reserve Mobilization,Brigade Combat Team Readiness,G1
2018,doc_AY2018_024_para_1619_11433.txt,2,148,"Strategic Command, Technology, and Multi-Domain Warfare",Headquarters Operations and Integration,G2
2018,doc_AY2018_024_para_1619_11434.txt,2,185,"Strategic Command, Technology, and Multi-Domain Warfare",Headquarters Operations and Integration,G2
2018,doc_AY2018_024_para_1619_11435.txt,15,91,"Strategic Command, Technology, and Multi-Domain Warfare",Artillery and Missile Capability Integration,G2
2018,doc_AY2018_024_para_1619_11436.txt,15,127,"Strategic Command, Technology, and Multi-Domain Warfare",Artillery and Missile Capability Integration,G2
2018,doc_AY2018_028_para_1623_11452.txt,14,144,Operational Readiness and Reserve Mobilization,Operational Reserve Training and Mobilization,G1
2018,doc_AY2018_028_para_1623_11454.txt,14,114,Operational Readiness and Reserve Mobilization,Operational Reserve Training and Mobilization,G1
2018,doc_AY2018_028_para_1623_11456.txt,14,221,Operational Readiness and Reserve Mobilization,Operational Reserve Training and Mobilization,G1
2018,doc_AY2018_028_para_1623_11457.txt,12,114,Operational Readiness and Reserve Mobilization,Leadership Development and Combat Planning,G1
2018,doc_AY2018_028_para_1623_11461.txt,6,70,Operational Readiness and Reserve Mobilization,Unit Training and Readiness Cycle,G1
2018,doc_AY2018_028_para_1623_11462.txt,16,83,Operational Readiness and Reserve Mobilization,Annual Training Requirements for Reserves,G1
2018,doc_AY2018_028_para_1623_11463.txt,16,93,Operational Readiness and Reserve Mobilization,Annual Training Requirements for Reserves,G1
2018,doc_AY2018_029_para_1624_11464.txt,1,111,"Strategic Command, Technology, and Multi-Domain Warfare",Unmanned Aerial Systems and Aviation Tech,G2
2018,doc_AY2018_029_para_1624_11466.txt,1,195,"Strategic Command, Technology, and Multi-Domain Warfare",Unmanned Aerial Systems and Aviation Tech,G2
2018,doc_AY2018_036_para_1631_11517.txt,7,267,"Strategic Command, Technology, and Multi-Domain Warfare",Multi-Domain Operations Concepts,G2
2018,doc_AY2018_038_para_1633_11527.txt,18,200,Operational Readiness and Reserve Mobilization,Reserve Support and Mobilization Duties,G1
2018,doc_AY2018_051_para_1646_11615.txt,6,102,Operational Readiness and Reserve Mobilization,Unit Training and Readiness Cycle,G1
2018,doc_AY2018_051_para_1646_11616.txt,3,225,Operational Readiness and Reserve Mobilization,National Guard and Reserve Components,G1
2018,doc_AY2018_051_para_1646_11617.txt,19,198,Operational Readiness and Reserve Mobilization,Sustainment and Modernization Efforts,G1
2018,doc_AY2018_051_para_1646_11618.txt,3,110,Operational Readiness and Reserve Mobilization,National Guard and Reserve Components,G1
2018,doc_AY2018_051_para_1646_11619.txt,16,110,Operational Readiness and Reserve Mobilization,Annual Training Requirements for Reserves,G1
2018,doc_AY2018_051_para_1646_11620.txt,12,150,Operational Readiness and Reserve Mobilization,Leadership Development and Combat Planning,G1
2018,doc_AY2018_051_para_1646_11621.txt,14,52,Operational Readiness and Reserve Mobilization,Operational Reserve Training and Mobilization,G1
2018,doc_AY2018_063_para_1658_11703.txt,1,154,"Strategic Command, Technology, and Multi-Domain Warfare",Unmanned Aerial Systems and Aviation Tech,G2
2018,doc_AY2018_063_para_1658_11705.txt,7,93,"Strategic Command, Technology, and Multi-Domain Warfare",Multi-Domain Operations Concepts,G2
2018,doc_AY2018_071_para_1666_11766.txt,20,138,Operational Readiness and Reserve Mobilization,Equipment Maintenance and Deployment Support,G1
2018,doc_AY2018_071_para_1666_11770.txt,20,152,Operational Readiness and Reserve Mobilization,Equipment Maintenance and Deployment Support,G1
2018,doc_AY2018_071_para_1666_11772.txt,13,96,Operational Readiness and Reserve Mobilization,Brigade Combat Team Readiness,G1
2018,doc_AY2018_074_para_1669_11790.txt,11,151,"Strategic Command, Technology, and Multi-Domain Warfare",Domain Warfare and Artillery Operations,G2
2018,doc_AY2018_074_para_1669_11792.txt,7,301,"Strategic Command, Technology, and Multi-Domain Warfare",Multi-Domain Operations Concepts,G2
2018,doc_AY2018_074_para_1669_11793.txt,15,159,"Strategic Command, Technology, and Multi-Domain Warfare",Artillery and Missile Capability Integration,G2
2018,doc_AY2018_074_para_1669_11794.txt,15,134,"Strategic Command, Technology, and Multi-Domain Warfare",Artillery and Missile Capability Integration,G2
2018,doc_AY2018_074_para_1669_11795.txt,15,56,"Strategic Command, Technology, and Multi-Domain Warfare",Artillery and Missile Capability Integration,G2
2018,doc_AY2018_075_para_1670_11796.txt,1,109,"Strategic Command, Technology, and Multi-Domain Warfare",Unmanned Aerial Systems and Aviation Tech,G2
2018,doc_AY2018_075_para_1670_11797.txt,1,255,"Strategic Command, Technology, and Multi-Domain Warfare",Unmanned Aerial Systems and Aviation Tech,G2
2018,doc_AY2018_075_para_1670_11798.txt,1,224,"Strategic Command, Technology, and Multi-Domain Warfare",Unmanned Aerial Systems and Aviation Tech,G2
2018,doc_AY2018_075_para_1670_11799.txt,2,192,"Strategic Command, Technology, and Multi-Domain Warfare",Headquarters Operations and Integration,G2
2018,doc_AY2018_075_para_1670_11800.txt,1,151,"Strategic Command, Technology, and Multi-Domain Warfare",Unmanned Aerial Systems and Aviation Tech,G2
2018,doc_AY2018_075_para_1670_11801.txt,1,40,"Strategic Command, Technology, and Multi-Domain Warfare",Unmanned Aerial Systems and Aviation Tech,G2
2018,doc_AY2018_076_para_1671_11803.txt,11,193,"Strategic Command, Technology, and Multi-Domain Warfare",Domain Warfare and Artillery Operations,G2
2018,doc_AY2018_079_para_1674_11822.txt,15,71,"Strategic Command, Technology, and Multi-Domain Warfare",Artillery and Missile Capability Integration,G2
2018,doc_AY2018_084_para_1679_11849.txt,0,187,"Strategic Command, Technology, and Multi-Domain Warfare",Command Philosophy and Leadership Doctrine,G2
2018,doc_AY2018_084_para_1679_11851.txt,13,152,Operational Readiness and Reserve Mobilization,Brigade Combat Team Readiness,G1
2018,doc_AY2018_086_para_1681_11859.txt,3,113,Operational Readiness and Reserve Mobilization,National Guard and Reserve Components,G1
2018,doc_AY2018_086_para_1681_11861.txt,3,306,Operational Readiness and Reserve Mobilization,National Guard and Reserve Components,G1
2018,doc_AY2018_086_para_1681_11863.txt,0,39,"Strategic Command, Technology, and Multi-Domain Warfare",Command Philosophy and Leadership Doctrine,G2
2018,doc_AY2018_088_para_1683_11871.txt,1,166,"Strategic Command, Technology, and Multi-Domain Warfare",Unmanned Aerial Systems and Aviation Tech,G2
2018,doc_AY2018_089_para_1684_11881.txt,13,120,Operational Readiness and Reserve Mobilization,Brigade Combat Team Readiness,G1
2018,doc_AY2018_089_para_1684_11884.txt,13,124,Operational Readiness and Reserve Mobilization,Brigade Combat Team Readiness,G1
2018,doc_AY2018_089_para_1684_11886.txt,13,139,Operational Readiness and Reserve Mobilization,Brigade Combat Team Readiness,G1
2018,doc_AY2018_094_para_1689_11915.txt,13,58,Operational Readiness and Reserve Mobilization,Brigade Combat Team Readiness,G1
2018,doc_AY2018_102_para_1697_11970.txt,14,117,Operational Readiness and Reserve Mobilization,Operational Reserve Training and Mobilization,G1
2018,doc_AY2018_102_para_1697_11971.txt,18,223,Operational Readiness and Reserve Mobilization,Reserve Support and Mobilization Duties,G1
2018,doc_AY2018_102_para_1697_11972.txt,6,254,Operational Readiness and Reserve Mobilization,Unit Training and Readiness Cycle,G1
2018,doc_AY2018_102_para_1697_11973.txt,14,297,Operational Readiness and Reserve Mobilization,Operational Reserve Training and Mobilization,G1
2018,doc_AY2018_102_para_1697_11974.txt,13,120,Operational Readiness and Reserve Mobilization,Brigade Combat Team Readiness,G1
2018,doc_AY2018_102_para_1697_11975.txt,14,35,Operational Readiness and Reserve Mobilization,Operational Reserve Training and Mobilization,G1
2018,doc_AY2018_103_para_1698_11976.txt,1,130,"Strategic Command, Technology, and Multi-Domain Warfare",Unmanned Aerial Systems and Aviation Tech,G2
2018,doc_AY2018_103_para_1698_11977.txt,1,193,"Strategic Command, Technology, and Multi-Domain Warfare",Unmanned Aerial Systems and Aviation Tech,G2
2018,doc_AY2018_103_para_1698_11980.txt,1,148,"Strategic Command, Technology, and Multi-Domain Warfare",Unmanned Aerial Systems and Aviation Tech,G2
2018,doc_AY2018_109_para_1704_12018.txt,1,154,"Strategic Command, Technology, and Multi-Domain Warfare",Unmanned Aerial Systems and Aviation Tech,G2
2018,doc_AY2018_111_para_1706_12033.txt,18,159,Operational Readiness and Reserve Mobilization,Reserve Support and Mobilization Duties,G1
2018,doc_AY2018_118_para_1713_12079.txt,2,72,"Strategic Command, Technology, and Multi-Domain Warfare",Headquarters Operations and Integration,G2
2018,doc_AY2018_119_para_1714_12080.txt,3,129,Operational Readiness and Reserve Mobilization,National Guard and Reserve Components,G1
2018,doc_AY2018_119_para_1714_12081.txt,18,175,Operational Readiness and Reserve Mobilization,Reserve Support and Mobilization Duties,G1
2018,doc_AY2018_119_para_1714_12082.txt,10,180,Operational Readiness and Reserve Mobilization,Army Reserve and Active Component Integration,G1
2018,doc_AY2018_119_para_1714_12083.txt,3,133,Operational Readiness and Reserve Mobilization,National Guard and Reserve Components,G1
2018,doc_AY2018_119_para_1714_12084.txt,3,176,Operational Readiness and Reserve Mobilization,National Guard and Reserve Components,G1
2018,doc_AY2018_120_para_1715_12086.txt,17,135,"Strategic Command, Technology, and Multi-Domain Warfare",Security Force Assistance Brigades,G2
2018,doc_AY2018_132_para_1727_12159.txt,0,127,"Strategic Command, Technology, and Multi-Domain Warfare",Command Philosophy and Leadership Doctrine,G2
2018,doc_AY2018_132_para_1727_12163.txt,0,108,"Strategic Command, Technology, and Multi-Domain Warfare",Command Philosophy and Leadership Doctrine,G2
2018,doc_AY2018_133_para_1728_12167.txt,1,93,"Strategic Command, Technology, and Multi-Domain Warfare",Unmanned Aerial Systems and Aviation Tech,G2
2018,doc_AY2018_133_para_1728_12169.txt,7,101,"Strategic Command, Technology, and Multi-Domain Warfare",Multi-Domain Operations Concepts,G2
2018,doc_AY2018_134_para_1729_12174.txt,5,102,"Strategic Command, Technology, and Multi-Domain Warfare",Defense Logistics and Enterprise Management,G2
2018,doc_AY2018_134_para_1729_12177.txt,5,108,"Strategic Command, Technology, and Multi-Domain Warfare",Defense Logistics and Enterprise Management,G2
2018,doc_AY2018_134_para_1729_12178.txt,5,125,"Strategic Command, Technology, and Multi-Domain Warfare",Defense Logistics and Enterprise Management,G2
2018,doc_AY2018_134_para_1729_12179.txt,5,78,"Strategic Command, Technology, and Multi-Domain Warfare",Defense Logistics and Enterprise Management,G2
2018,doc_AY2018_137_para_1732_12194.txt,6,179,Operational Readiness and Reserve Mobilization,Unit Training and Readiness Cycle,G1
2018,doc_AY2018_137_para_1732_12195.txt,6,222,Operational Readiness and Reserve Mobilization,Unit Training and Readiness Cycle,G1
2018,doc_AY2018_137_para_1732_12196.txt,16,145,Operational Readiness and Reserve Mobilization,Annual Training Requirements for Reserves,G1
2018,doc_AY2018_137_para_1732_12197.txt,6,140,Operational Readiness and Reserve Mobilization,Unit Training and Readiness Cycle,G1
2018,doc_AY2018_137_para_1732_12198.txt,16,140,Operational Readiness and Reserve Mobilization,Annual Training Requirements for Reserves,G1
2018,doc_AY2018_137_para_1732_12199.txt,16,111,Operational Readiness and Reserve Mobilization,Annual Training Requirements for Reserves,G1
2018,doc_AY2018_137_para_1732_12200.txt,6,60,Operational Readiness and Reserve Mobilization,Unit Training and Readiness Cycle,G1
2018,doc_AY2018_140_para_1735_12216.txt,1,123,"Strategic Command, Technology, and Multi-Domain Warfare",Unmanned Aerial Systems and Aviation Tech,G2
2018,doc_AY2018_140_para_1735_12217.txt,7,122,"Strategic Command, Technology, and Multi-Domain Warfare",Multi-Domain Operations Concepts,G2
2018,doc_AY2018_140_para_1735_12219.txt,1,142,"Strategic Command, Technology, and Multi-Domain Warfare",Unmanned Aerial Systems and Aviation Tech,G2
2018,doc_AY2018_140_para_1735_12220.txt,10,139,Operational Readiness and Reserve Mobilization,Army Reserve and Active Component Integration,G1
2018,doc_AY2018_143_para_1738_12238.txt,0,103,"Strategic Command, Technology, and Multi-Domain Warfare",Command Philosophy and Leadership Doctrine,G2
2018,doc_AY2018_145_para_1740_12252.txt,0,179,"Strategic Command, Technology, and Multi-Domain Warfare",Command Philosophy and Leadership Doctrine,G2
2018,doc_AY2018_145_para_1740_12253.txt,0,103,"Strategic Command, Technology, and Multi-Domain Warfare",Command Philosophy and Leadership Doctrine,G2
2018,doc_AY2018_146_para_1741_12260.txt,0,87,"Strategic Command, Technology, and Multi-Domain Warfare",Command Philosophy and Leadership Doctrine,G2
2018,doc_AY2018_146_para_1741_12261.txt,0,126,"Strategic Command, Technology, and Multi-Domain Warfare",Command Philosophy and Leadership Doctrine,G2
2018,doc_AY2018_146_para_1741_12262.txt,0,176,"Strategic Command, Technology, and Multi-Domain Warfare",Command Philosophy and Leadership Doctrine,G2
2018,doc_AY2018_146_para_1741_12266.txt,0,64,"Strategic Command, Technology, and Multi-Domain Warfare",Command Philosophy and Leadership Doctrine,G2
2018,doc_AY2018_148_para_1743_12274.txt,6,165,Operational Readiness and Reserve Mobilization,Unit Training and Readiness Cycle,G1
2018,doc_AY2018_148_para_1743_12275.txt,20,224,Operational Readiness and Reserve Mobilization,Equipment Maintenance and Deployment Support,G1
2018,doc_AY2018_148_para_1743_12276.txt,8,226,"Strategic Command, Technology, and Multi-Domain Warfare",Additive Manufacturing Technologies,G2
2018,doc_AY2018_150_para_1745_12293.txt,13,130,Operational Readiness and Reserve Mobilization,Brigade Combat Team Readiness,G1
2018,doc_AY2018_152_para_1747_12302.txt,1,95,"Strategic Command, Technology, and Multi-Domain Warfare",Unmanned Aerial Systems and Aviation Tech,G2
2018,doc_AY2018_152_para_1747_12310.txt,1,125,"Strategic Command, Technology, and Multi-Domain Warfare",Unmanned Aerial Systems and Aviation Tech,G2
2018,doc_AY2018_153_para_1748_12312.txt,11,99,"Strategic Command, Technology, and Multi-Domain Warfare",Domain Warfare and Artillery Operations,G2
2018,doc_AY2018_153_para_1748_12315.txt,7,192,"Strategic Command, Technology, and Multi-Domain Warfare",Multi-Domain Operations Concepts,G2
2018,doc_AY2018_153_para_1748_12316.txt,7,179,"Strategic Command, Technology, and Multi-Domain Warfare",Multi-Domain Operations Concepts,G2
2018,doc_AY2018_153_para_1748_12317.txt,7,158,"Strategic Command, Technology, and Multi-Domain Warfare",Multi-Domain Operations Concepts,G2
2018,doc_AY2018_154_para_1749_12318.txt,11,148,"Strategic Command, Technology, and Multi-Domain Warfare",Domain Warfare and Artillery Operations,G2
2018,doc_AY2018_155_para_1750_12324.txt,11,182,"Strategic Command, Technology, and Multi-Domain Warfare",Domain Warfare and Artillery Operations,G2
2018,doc_AY2018_155_para_1750_12327.txt,7,109,"Strategic Command, Technology, and Multi-Domain Warfare",Multi-Domain Operations Concepts,G2
2018,doc_AY2018_155_para_1750_12328.txt,7,145,"Strategic Command, Technology, and Multi-Domain Warfare",Multi-Domain Operations Concepts,G2
2018,doc_AY2018_155_para_1750_12329.txt,19,126,Operational Readiness and Reserve Mobilization,Sustainment and Modernization Efforts,G1
2018,doc_AY2018_156_para_1751_12332.txt,11,130,"Strategic Command, Technology, and Multi-Domain Warfare",Domain Warfare and Artillery Operations,G2
2018,doc_AY2018_164_para_1759_12378.txt,11,100,"Strategic Command, Technology, and Multi-Domain Warfare",Domain Warfare and Artillery Operations,G2
2018,doc_AY2018_164_para_1759_12382.txt,0,126,"Strategic Command, Technology, and Multi-Domain Warfare",Command Philosophy and Leadership Doctrine,G2
2018,doc_AY2018_164_para_1759_12384.txt,7,111,"Strategic Command, Technology, and Multi-Domain Warfare",Multi-Domain Operations Concepts,G2
2018,doc_AY2018_165_para_1760_12389.txt,0,85,"Strategic Command, Technology, and Multi-Domain Warfare",Command Philosophy and Leadership Doctrine,G2
2018,doc_AY2018_165_para_1760_12391.txt,0,110,"Strategic Command, Technology, and Multi-Domain Warfare",Command Philosophy and Leadership Doctrine,G2
2018,doc_AY2018_171_para_1766_12425.txt,11,151,"Strategic Command, Technology, and Multi-Domain Warfare",Domain Warfare and Artillery Operations,G2
2018,doc_AY2018_171_para_1766_12426.txt,2,108,"Strategic Command, Technology, and Multi-Domain Warfare",Headquarters Operations and Integration,G2
2018,doc_AY2018_171_para_1766_12427.txt,7,151,"Strategic Command, Technology, and Multi-Domain Warfare",Multi-Domain Operations Concepts,G2
2018,doc_AY2018_171_para_1766_12430.txt,10,154,Operational Readiness and Reserve Mobilization,Army Reserve and Active Component Integration,G1
2018,doc_AY2018_173_para_1768_12438.txt,1,105,"Strategic Command, Technology, and Multi-Domain Warfare",Unmanned Aerial Systems and Aviation Tech,G2
2018,doc_AY2018_182_para_1777_12501.txt,17,145,"Strategic Command, Technology, and Multi-Domain Warfare",Security Force Assistance Brigades,G2
2018,doc_AY2018_183_para_1778_12502.txt,3,110,Operational Readiness and Reserve Mobilization,National Guard and Reserve Components,G1
2018,doc_AY2018_183_para_1778_12503.txt,10,154,Operational Readiness and Reserve Mobilization,Army Reserve and Active Component Integration,G1
2018,doc_AY2018_183_para_1778_12504.txt,6,172,Operational Readiness and Reserve Mobilization,Unit Training and Readiness Cycle,G1
2018,doc_AY2018_183_para_1778_12506.txt,16,116,Operational Readiness and Reserve Mobilization,Annual Training Requirements for Reserves,G1
2018,doc_AY2018_183_para_1778_12508.txt,6,88,Operational Readiness and Reserve Mobilization,Unit Training and Readiness Cycle,G1
2018,doc_AY2018_189_para_1784_12542.txt,11,191,"Strategic Command, Technology, and Multi-Domain Warfare",Domain Warfare and Artillery Operations,G2
2018,doc_AY2018_189_para_1784_12543.txt,0,176,"Strategic Command, Technology, and Multi-Domain Warfare",Command Philosophy and Leadership Doctrine,G2
2018,doc_AY2018_189_para_1784_12544.txt,7,187,"Strategic Command, Technology, and Multi-Domain Warfare",Multi-Domain Operations Concepts,G2
2018,doc_AY2018_192_para_1787_12558.txt,17,104,"Strategic Command, Technology, and Multi-Domain Warfare",Security Force Assistance Brigades,G2
2018,doc_AY2018_192_para_1787_12559.txt,17,116,"Strategic Command, Technology, and Multi-Domain Warfare",Security Force Assistance Brigades,G2
2018,doc_AY2018_192_para_1787_12563.txt,17,91,"Strategic Command, Technology, and Multi-Domain Warfare",Security Force Assistance Brigades,G2
2018,doc_AY2018_192_para_1787_12565.txt,17,104,"Strategic Command, Technology, and Multi-Domain Warfare",Security Force Assistance Brigades,G2
2018,doc_AY2018_198_para_1793_12598.txt,17,95,"Strategic Command, Technology, and Multi-Domain Warfare",Security Force Assistance Brigades,G2
2018,doc_AY2018_199_para_1794_12605.txt,0,222,"Strategic Command, Technology, and Multi-Domain Warfare",Command Philosophy and Leadership Doctrine,G2
2018,doc_AY2018_200_para_1795_12608.txt,0,125,"Strategic Command, Technology, and Multi-Domain Warfare",Command Philosophy and Leadership Doctrine,G2
2018,doc_AY2018_200_para_1795_12609.txt,0,131,"Strategic Command, Technology, and Multi-Domain Warfare",Command Philosophy and Leadership Doctrine,G2
2018,doc_AY2018_200_para_1795_12612.txt,12,130,Operational Readiness and Reserve Mobilization,Leadership Development and Combat Planning,G1
2018,doc_AY2018_201_para_1796_12615.txt,1,132,"Strategic Command, Technology, and Multi-Domain Warfare",Unmanned Aerial Systems and Aviation Tech,G2
2018,doc_AY2018_201_para_1796_12618.txt,1,124,"Strategic Command, Technology, and Multi-Domain Warfare",Unmanned Aerial Systems and Aviation Tech,G2
2018,doc_AY2018_201_para_1796_12619.txt,12,109,Operational Readiness and Reserve Mobilization,Leadership Development and Combat Planning,G1
2018,doc_AY2018_201_para_1796_12620.txt,1,109,"Strategic Command, Technology, and Multi-Domain Warfare",Unmanned Aerial Systems and Aviation Tech,G2
2018,doc_AY2018_204_para_1799_12639.txt,7,137,"Strategic Command, Technology, and Multi-Domain Warfare",Multi-Domain Operations Concepts,G2
2018,doc_AY2018_208_para_1803_12661.txt,-1,157,Outlier,Outliers,G0
2018,doc_AY2018_212_para_1807_12688.txt,0,191,"Strategic Command, Technology, and Multi-Domain Warfare",Command Philosophy and Leadership Doctrine,G2
2018,doc_AY2018_212_para_1807_12689.txt,0,174,"Strategic Command, Technology, and Multi-Domain Warfare",Command Philosophy and Leadership Doctrine,G2
2018,doc_AY2018_212_para_1807_12691.txt,4,151,"Strategic Command, Technology, and Multi-Domain Warfare",Regional Alignment and Funding Support,G2
2018,doc_AY2018_213_para_1808_12696.txt,20,180,Operational Readiness and Reserve Mobilization,Equipment Maintenance and Deployment Support,G1
2018,doc_AY2018_214_para_1809_12705.txt,0,123,"Strategic Command, Technology, and Multi-Domain Warfare",Command Philosophy and Leadership Doctrine,G2
2018,doc_AY2018_214_para_1809_12706.txt,0,84,"Strategic Command, Technology, and Multi-Domain Warfare",Command Philosophy and Leadership Doctrine,G2
2018,doc_AY2018_219_para_1814_12737.txt,5,115,"Strategic Command, Technology, and Multi-Domain Warfare",Defense Logistics and Enterprise Management,G2
2018,doc_AY2018_230_para_1825_12803.txt,6,128,Operational Readiness and Reserve Mobilization,Unit Training and Readiness Cycle,G1
2018,doc_AY2018_230_para_1825_12806.txt,3,112,Operational Readiness and Reserve Mobilization,National Guard and Reserve Components,G1
2018,doc_AY2018_230_para_1825_12809.txt,-1,119,Outlier,Outliers,G0
2018,doc_AY2018_235_para_1830_12836.txt,19,115,Operational Readiness and Reserve Mobilization,Sustainment and Modernization Efforts,G1
2018,doc_AY2018_238_para_1833_12860.txt,2,109,"Strategic Command, Technology, and Multi-Domain Warfare",Headquarters Operations and Integration,G2
2018,doc_AY2018_238_para_1833_12861.txt,-1,44,Outlier,Outliers,G0
2018,doc_AY2018_244_para_1839_12897.txt,7,214,"Strategic Command, Technology, and Multi-Domain Warfare",Multi-Domain Operations Concepts,G2
2018,doc_AY2018_244_para_1839_12899.txt,17,100,"Strategic Command, Technology, and Multi-Domain Warfare",Security Force Assistance Brigades,G2
2018,doc_AY2018_248_para_1843_12924.txt,0,94,"Strategic Command, Technology, and Multi-Domain Warfare",Command Philosophy and Leadership Doctrine,G2
2018,doc_AY2018_248_para_1843_12926.txt,0,104,"Strategic Command, Technology, and Multi-Domain Warfare",Command Philosophy and Leadership Doctrine,G2
2018,doc_AY2018_249_para_1844_12929.txt,7,123,"Strategic Command, Technology, and Multi-Domain Warfare",Multi-Domain Operations Concepts,G2
2018,doc_AY2018_249_para_1844_12930.txt,7,163,"Strategic Command, Technology, and Multi-Domain Warfare",Multi-Domain Operations Concepts,G2
2018,doc_AY2018_249_para_1844_12933.txt,0,109,"Strategic Command, Technology, and Multi-Domain Warfare",Command Philosophy and Leadership Doctrine,G2
2018,doc_AY2018_251_para_1846_12943.txt,2,88,"Strategic Command, Technology, and Multi-Domain Warfare",Headquarters Operations and Integration,G2
2018,doc_AY2018_251_para_1846_12944.txt,2,107,"Strategic Command, Technology, and Multi-Domain Warfare",Headquarters Operations and Integration,G2
2018,doc_AY2018_251_para_1846_12945.txt,2,142,"Strategic Command, Technology, and Multi-Domain Warfare",Headquarters Operations and Integration,G2
2018,doc_AY2018_251_para_1846_12946.txt,2,99,"Strategic Command, Technology, and Multi-Domain Warfare",Headquarters Operations and Integration,G2
2018,doc_AY2018_251_para_1846_12948.txt,2,89,"Strategic Command, Technology, and Multi-Domain Warfare",Headquarters Operations and Integration,G2
2018,doc_AY2018_251_para_1846_12949.txt,2,99,"Strategic Command, Technology, and Multi-Domain Warfare",Headquarters Operations and Integration,G2
2018,doc_AY2018_251_para_1846_12950.txt,2,139,"Strategic Command, Technology, and Multi-Domain Warfare",Headquarters Operations and Integration,G2
2018,doc_AY2018_255_para_1850_12978.txt,3,89,Operational Readiness and Reserve Mobilization,National Guard and Reserve Components,G1
2018,doc_AY2018_260_para_1855_13004.txt,5,149,"Strategic Command, Technology, and Multi-Domain Warfare",Defense Logistics and Enterprise Management,G2
2018,doc_AY2018_260_para_1855_13005.txt,1,123,"Strategic Command, Technology, and Multi-Domain Warfare",Unmanned Aerial Systems and Aviation Tech,G2
2018,doc_AY2018_260_para_1855_13007.txt,5,223,"Strategic Command, Technology, and Multi-Domain Warfare",Defense Logistics and Enterprise Management,G2
2018,doc_AY2018_260_para_1855_13008.txt,5,201,"Strategic Command, Technology, and Multi-Domain Warfare",Defense Logistics and Enterprise Management,G2
2018,doc_AY2018_267_para_1862_13047.txt,8,119,"Strategic Command, Technology, and Multi-Domain Warfare",Additive Manufacturing Technologies,G2
2018,doc_AY2018_267_para_1862_13048.txt,8,200,"Strategic Command, Technology, and Multi-Domain Warfare",Additive Manufacturing Technologies,G2
2018,doc_AY2018_267_para_1862_13049.txt,8,98,"Strategic Command, Technology, and Multi-Domain Warfare",Additive Manufacturing Technologies,G2
2018,doc_AY2018_267_para_1862_13050.txt,8,129,"Strategic Command, Technology, and Multi-Domain Warfare",Additive Manufacturing Technologies,G2
2018,doc_AY2018_270_para_1865_13070.txt,0,151,"Strategic Command, Technology, and Multi-Domain Warfare",Command Philosophy and Leadership Doctrine,G2
2018,doc_AY2018_272_para_1867_13086.txt,0,149,"Strategic Command, Technology, and Multi-Domain Warfare",Command Philosophy and Leadership Doctrine,G2
2018,doc_AY2018_281_para_1876_13143.txt,10,113,Operational Readiness and Reserve Mobilization,Army Reserve and Active Component Integration,G1
2018,doc_AY2018_281_para_1876_13144.txt,5,127,"Strategic Command, Technology, and Multi-Domain Warfare",Defense Logistics and Enterprise Management,G2
2018,doc_AY2018_281_para_1876_13145.txt,5,128,"Strategic Command, Technology, and Multi-Domain Warfare",Defense Logistics and Enterprise Management,G2
2018,doc_AY2018_281_para_1876_13146.txt,5,135,"Strategic Command, Technology, and Multi-Domain Warfare",Defense Logistics and Enterprise Management,G2
2018,doc_AY2018_281_para_1876_13147.txt,0,142,"Strategic Command, Technology, and Multi-Domain Warfare",Command Philosophy and Leadership Doctrine,G2
2018,doc_AY2018_281_para_1876_13149.txt,0,114,"Strategic Command, Technology, and Multi-Domain Warfare",Command Philosophy and Leadership Doctrine,G2
2018,doc_AY2018_281_para_1876_13150.txt,5,95,"Strategic Command, Technology, and Multi-Domain Warfare",Defense Logistics and Enterprise Management,G2
2018,doc_AY2018_281_para_1876_13151.txt,5,96,"Strategic Command, Technology, and Multi-Domain Warfare",Defense Logistics and Enterprise Management,G2
2018,doc_AY2018_281_para_1876_13152.txt,5,131,"Strategic Command, Technology, and Multi-Domain Warfare",Defense Logistics and Enterprise Management,G2
2018,doc_AY2018_286_para_1881_13176.txt,1,81,"Strategic Command, Technology, and Multi-Domain Warfare",Unmanned Aerial Systems and Aviation Tech,G2
2018,doc_AY2018_286_para_1881_13177.txt,1,214,"Strategic Command, Technology, and Multi-Domain Warfare",Unmanned Aerial Systems and Aviation Tech,G2
2018,doc_AY2018_286_para_1881_13178.txt,1,117,"Strategic Command, Technology, and Multi-Domain Warfare",Unmanned Aerial Systems and Aviation Tech,G2
2018,doc_AY2018_286_para_1881_13179.txt,1,80,"Strategic Command, Technology, and Multi-Domain Warfare",Unmanned Aerial Systems and Aviation Tech,G2
2018,doc_AY2018_286_para_1881_13180.txt,1,165,"Strategic Command, Technology, and Multi-Domain Warfare",Unmanned Aerial Systems and Aviation Tech,G2
2018,doc_AY2018_286_para_1881_13182.txt,1,87,"Strategic Command, Technology, and Multi-Domain Warfare",Unmanned Aerial Systems and Aviation Tech,G2
2018,doc_AY2018_286_para_1881_13183.txt,1,119,"Strategic Command, Technology, and Multi-Domain Warfare",Unmanned Aerial Systems and Aviation Tech,G2
2018,doc_AY2018_286_para_1881_13186.txt,1,91,"Strategic Command, Technology, and Multi-Domain Warfare",Unmanned Aerial Systems and Aviation Tech,G2
2018,doc_AY2018_286_para_1881_13187.txt,1,90,"Strategic Command, Technology, and Multi-Domain Warfare",Unmanned Aerial Systems and Aviation Tech,G2
2018,doc_AY2018_289_para_1884_13209.txt,9,158,Operational Readiness and Reserve Mobilization,Mobilization Processes for Reserves,G1
2018,doc_AY2018_289_para_1884_13210.txt,9,237,Operational Readiness and Reserve Mobilization,Mobilization Processes for Reserves,G1
2018,doc_AY2018_289_para_1884_13211.txt,3,101,Operational Readiness and Reserve Mobilization,National Guard and Reserve Components,G1
2018,doc_AY2018_300_para_1895_13289.txt,0,154,"Strategic Command, Technology, and Multi-Domain Warfare",Command Philosophy and Leadership Doctrine,G2
2019,doc_AY2019_001_para_1900_13324.txt,8,155,"Strategic Command, Technology, and Multi-Domain Warfare",Additive Manufacturing Technologies,G2
2019,doc_AY2019_001_para_1900_13325.txt,8,98,"Strategic Command, Technology, and Multi-Domain Warfare",Additive Manufacturing Technologies,G2
2019,doc_AY2019_001_para_1900_13326.txt,20,201,Operational Readiness and Reserve Mobilization,Equipment Maintenance and Deployment Support,G1
2019,doc_AY2019_001_para_1900_13327.txt,0,89,"Strategic Command, Technology, and Multi-Domain Warfare",Command Philosophy and Leadership Doctrine,G2
2019,doc_AY2019_001_para_1900_13328.txt,8,135,"Strategic Command, Technology, and Multi-Domain Warfare",Additive Manufacturing Technologies,G2
2019,doc_AY2019_001_para_1900_13329.txt,5,194,"Strategic Command, Technology, and Multi-Domain Warfare",Defense Logistics and Enterprise Management,G2
2019,doc_AY2019_005_para_1904_13350.txt,11,116,"Strategic Command, Technology, and Multi-Domain Warfare",Domain Warfare and Artillery Operations,G2
2019,doc_AY2019_005_para_1904_13352.txt,7,88,"Strategic Command, Technology, and Multi-Domain Warfare",Multi-Domain Operations Concepts,G2
2019,doc_AY2019_005_para_1904_13354.txt,0,147,"Strategic Command, Technology, and Multi-Domain Warfare",Command Philosophy and Leadership Doctrine,G2
2019,doc_AY2019_005_para_1904_13355.txt,7,123,"Strategic Command, Technology, and Multi-Domain Warfare",Multi-Domain Operations Concepts,G2
2019,doc_AY2019_005_para_1904_13356.txt,11,218,"Strategic Command, Technology, and Multi-Domain Warfare",Domain Warfare and Artillery Operations,G2
2019,doc_AY2019_008_para_1907_13366.txt,8,156,"Strategic Command, Technology, and Multi-Domain Warfare",Additive Manufacturing Technologies,G2
2019,doc_AY2019_008_para_1907_13367.txt,8,136,"Strategic Command, Technology, and Multi-Domain Warfare",Additive Manufacturing Technologies,G2
2019,doc_AY2019_008_para_1907_13368.txt,11,147,"Strategic Command, Technology, and Multi-Domain Warfare",Domain Warfare and Artillery Operations,G2
2019,doc_AY2019_008_para_1907_13369.txt,8,111,"Strategic Command, Technology, and Multi-Domain Warfare",Additive Manufacturing Technologies,G2
2019,doc_AY2019_009_para_1908_13370.txt,8,113,"Strategic Command, Technology, and Multi-Domain Warfare",Additive Manufacturing Technologies,G2
2019,doc_AY2019_009_para_1908_13371.txt,8,108,"Strategic Command, Technology, and Multi-Domain Warfare",Additive Manufacturing Technologies,G2
2019,doc_AY2019_009_para_1908_13372.txt,8,77,"Strategic Command, Technology, and Multi-Domain Warfare",Additive Manufacturing Technologies,G2
2019,doc_AY2019_009_para_1908_13373.txt,8,107,"Strategic Command, Technology, and Multi-Domain Warfare",Additive Manufacturing Technologies,G2
2019,doc_AY2019_009_para_1908_13375.txt,8,120,"Strategic Command, Technology, and Multi-Domain Warfare",Additive Manufacturing Technologies,G2
2019,doc_AY2019_009_para_1908_13376.txt,8,155,"Strategic Command, Technology, and Multi-Domain Warfare",Additive Manufacturing Technologies,G2
2019,doc_AY2019_009_para_1908_13377.txt,8,248,"Strategic Command, Technology, and Multi-Domain Warfare",Additive Manufacturing Technologies,G2
2019,doc_AY2019_009_para_1908_13378.txt,8,116,"Strategic Command, Technology, and Multi-Domain Warfare",Additive Manufacturing Technologies,G2
2019,doc_AY2019_009_para_1908_13379.txt,8,107,"Strategic Command, Technology, and Multi-Domain Warfare",Additive Manufacturing Technologies,G2
2019,doc_AY2019_010_para_1909_13383.txt,5,184,"Strategic Command, Technology, and Multi-Domain Warfare",Defense Logistics and Enterprise Management,G2
2019,doc_AY2019_010_para_1909_13385.txt,20,132,Operational Readiness and Reserve Mobilization,Equipment Maintenance and Deployment Support,G1
2019,doc_AY2019_013_para_1912_13425.txt,0,39,"Strategic Command, Technology, and Multi-Domain Warfare",Command Philosophy and Leadership Doctrine,G2
2019,doc_AY2019_018_para_1917_13454.txt,11,116,"Strategic Command, Technology, and Multi-Domain Warfare",Domain Warfare and Artillery Operations,G2
2019,doc_AY2019_018_para_1917_13455.txt,0,149,"Strategic Command, Technology, and Multi-Domain Warfare",Command Philosophy and Leadership Doctrine,G2
2019,doc_AY2019_018_para_1917_13456.txt,0,225,"Strategic Command, Technology, and Multi-Domain Warfare",Command Philosophy and Leadership Doctrine,G2
2019,doc_AY2019_018_para_1917_13458.txt,0,244,"Strategic Command, Technology, and Multi-Domain Warfare",Command Philosophy and Leadership Doctrine,G2
2019,doc_AY2019_020_para_1919_13470.txt,2,146,"Strategic Command, Technology, and Multi-Domain Warfare",Headquarters Operations and Integration,G2
2019,doc_AY2019_020_para_1919_13471.txt,13,114,Operational Readiness and Reserve Mobilization,Brigade Combat Team Readiness,G1
2019,doc_AY2019_020_para_1919_13472.txt,1,124,"Strategic Command, Technology, and Multi-Domain Warfare",Unmanned Aerial Systems and Aviation Tech,G2
2019,doc_AY2019_024_para_1923_13501.txt,3,142,Operational Readiness and Reserve Mobilization,National Guard and Reserve Components,G1
2019,doc_AY2019_024_para_1923_13508.txt,3,105,Operational Readiness and Reserve Mobilization,National Guard and Reserve Components,G1
2019,doc_AY2019_025_para_1924_13509.txt,3,150,Operational Readiness and Reserve Mobilization,National Guard and Reserve Components,G1
2019,doc_AY2019_025_para_1924_13510.txt,3,134,Operational Readiness and Reserve Mobilization,National Guard and Reserve Components,G1
2019,doc_AY2019_025_para_1924_13511.txt,3,136,Operational Readiness and Reserve Mobilization,National Guard and Reserve Components,G1
2019,doc_AY2019_025_para_1924_13512.txt,6,143,Operational Readiness and Reserve Mobilization,Unit Training and Readiness Cycle,G1
2019,doc_AY2019_025_para_1924_13513.txt,16,128,Operational Readiness and Reserve Mobilization,Annual Training Requirements for Reserves,G1
2019,doc_AY2019_025_para_1924_13516.txt,3,112,Operational Readiness and Reserve Mobilization,National Guard and Reserve Components,G1
2019,doc_AY2019_026_para_1925_13517.txt,10,317,Operational Readiness and Reserve Mobilization,Army Reserve and Active Component Integration,G1
2019,doc_AY2019_026_para_1925_13518.txt,6,64,Operational Readiness and Reserve Mobilization,Unit Training and Readiness Cycle,G1
2019,doc_AY2019_026_para_1925_13519.txt,19,183,Operational Readiness and Reserve Mobilization,Sustainment and Modernization Efforts,G1
2019,doc_AY2019_026_para_1925_13520.txt,3,185,Operational Readiness and Reserve Mobilization,National Guard and Reserve Components,G1
2019,doc_AY2019_028_para_1927_13534.txt,0,130,"Strategic Command, Technology, and Multi-Domain Warfare",Command Philosophy and Leadership Doctrine,G2
2019,doc_AY2019_034_para_1933_13575.txt,6,162,Operational Readiness and Reserve Mobilization,Unit Training and Readiness Cycle,G1
2019,doc_AY2019_040_para_1939_13613.txt,15,98,"Strategic Command, Technology, and Multi-Domain Warfare",Artillery and Missile Capability Integration,G2
2019,doc_AY2019_040_para_1939_13614.txt,15,132,"Strategic Command, Technology, and Multi-Domain Warfare",Artillery and Missile Capability Integration,G2
2019,doc_AY2019_040_para_1939_13615.txt,7,172,"Strategic Command, Technology, and Multi-Domain Warfare",Multi-Domain Operations Concepts,G2
2019,doc_AY2019_040_para_1939_13618.txt,2,96,"Strategic Command, Technology, and Multi-Domain Warfare",Headquarters Operations and Integration,G2
2019,doc_AY2019_051_para_1950_13682.txt,11,128,"Strategic Command, Technology, and Multi-Domain Warfare",Domain Warfare and Artillery Operations,G2
2019,doc_AY2019_056_para_1955_13720.txt,10,123,Operational Readiness and Reserve Mobilization,Army Reserve and Active Component Integration,G1
2019,doc_AY2019_056_para_1955_13721.txt,10,163,Operational Readiness and Reserve Mobilization,Army Reserve and Active Component Integration,G1
2019,doc_AY2019_056_para_1955_13722.txt,10,176,Operational Readiness and Reserve Mobilization,Army Reserve and Active Component Integration,G1
2019,doc_AY2019_061_para_1960_13747.txt,-1,155,Outlier,Outliers,G0
2019,doc_AY2019_069_para_1968_13802.txt,10,182,Operational Readiness and Reserve Mobilization,Army Reserve and Active Component Integration,G1
2019,doc_AY2019_069_para_1968_13803.txt,19,303,Operational Readiness and Reserve Mobilization,Sustainment and Modernization Efforts,G1
2019,doc_AY2019_069_para_1968_13804.txt,13,140,Operational Readiness and Reserve Mobilization,Brigade Combat Team Readiness,G1
2019,doc_AY2019_069_para_1968_13805.txt,20,174,Operational Readiness and Reserve Mobilization,Equipment Maintenance and Deployment Support,G1
2019,doc_AY2019_069_para_1968_13806.txt,6,212,Operational Readiness and Reserve Mobilization,Unit Training and Readiness Cycle,G1
2019,doc_AY2019_070_para_1969_13807.txt,10,156,Operational Readiness and Reserve Mobilization,Army Reserve and Active Component Integration,G1
2019,doc_AY2019_070_para_1969_13808.txt,19,337,Operational Readiness and Reserve Mobilization,Sustainment and Modernization Efforts,G1
2019,doc_AY2019_070_para_1969_13809.txt,20,102,Operational Readiness and Reserve Mobilization,Equipment Maintenance and Deployment Support,G1
2019,doc_AY2019_070_para_1969_13810.txt,10,186,Operational Readiness and Reserve Mobilization,Army Reserve and Active Component Integration,G1
2019,doc_AY2019_070_para_1969_13811.txt,6,155,Operational Readiness and Reserve Mobilization,Unit Training and Readiness Cycle,G1
2019,doc_AY2019_072_para_1971_13816.txt,19,100,Operational Readiness and Reserve Mobilization,Sustainment and Modernization Efforts,G1
2019,doc_AY2019_072_para_1971_13817.txt,13,159,Operational Readiness and Reserve Mobilization,Brigade Combat Team Readiness,G1
2019,doc_AY2019_072_para_1971_13818.txt,1,102,"Strategic Command, Technology, and Multi-Domain Warfare",Unmanned Aerial Systems and Aviation Tech,G2
2019,doc_AY2019_072_para_1971_13819.txt,8,140,"Strategic Command, Technology, and Multi-Domain Warfare",Additive Manufacturing Technologies,G2
2019,doc_AY2019_072_para_1971_13821.txt,13,156,Operational Readiness and Reserve Mobilization,Brigade Combat Team Readiness,G1
2019,doc_AY2019_079_para_1978_13867.txt,7,211,"Strategic Command, Technology, and Multi-Domain Warfare",Multi-Domain Operations Concepts,G2
2019,doc_AY2019_079_para_1978_13868.txt,1,172,"Strategic Command, Technology, and Multi-Domain Warfare",Unmanned Aerial Systems and Aviation Tech,G2
2019,doc_AY2019_080_para_1979_13874.txt,7,187,"Strategic Command, Technology, and Multi-Domain Warfare",Multi-Domain Operations Concepts,G2
2019,doc_AY2019_080_para_1979_13875.txt,7,169,"Strategic Command, Technology, and Multi-Domain Warfare",Multi-Domain Operations Concepts,G2
2019,doc_AY2019_080_para_1979_13877.txt,7,124,"Strategic Command, Technology, and Multi-Domain Warfare",Multi-Domain Operations Concepts,G2
2019,doc_AY2019_082_para_1981_13885.txt,11,101,"Strategic Command, Technology, and Multi-Domain Warfare",Domain Warfare and Artillery Operations,G2
2019,doc_AY2019_082_para_1981_13886.txt,5,191,"Strategic Command, Technology, and Multi-Domain Warfare",Defense Logistics and Enterprise Management,G2
2019,doc_AY2019_082_para_1981_13888.txt,8,150,"Strategic Command, Technology, and Multi-Domain Warfare",Additive Manufacturing Technologies,G2
2019,doc_AY2019_091_para_1990_13946.txt,1,172,"Strategic Command, Technology, and Multi-Domain Warfare",Unmanned Aerial Systems and Aviation Tech,G2
2019,doc_AY2019_091_para_1990_13947.txt,1,362,"Strategic Command, Technology, and Multi-Domain Warfare",Unmanned Aerial Systems and Aviation Tech,G2
2019,doc_AY2019_091_para_1990_13948.txt,1,206,"Strategic Command, Technology, and Multi-Domain Warfare",Unmanned Aerial Systems and Aviation Tech,G2
2019,doc_AY2019_091_para_1990_13949.txt,1,55,"Strategic Command, Technology, and Multi-Domain Warfare",Unmanned Aerial Systems and Aviation Tech,G2
2019,doc_AY2019_103_para_2002_14042.txt,10,164,Operational Readiness and Reserve Mobilization,Army Reserve and Active Component Integration,G1
2019,doc_AY2019_103_para_2002_14044.txt,20,195,Operational Readiness and Reserve Mobilization,Equipment Maintenance and Deployment Support,G1
2019,doc_AY2019_103_para_2002_14045.txt,17,140,"Strategic Command, Technology, and Multi-Domain Warfare",Security Force Assistance Brigades,G2
2019,doc_AY2019_103_para_2002_14047.txt,19,117,Operational Readiness and Reserve Mobilization,Sustainment and Modernization Efforts,G1
2019,doc_AY2019_121_para_2020_14154.txt,13,74,Operational Readiness and Reserve Mobilization,Brigade Combat Team Readiness,G1
2019,doc_AY2019_123_para_2022_14177.txt,11,130,"Strategic Command, Technology, and Multi-Domain Warfare",Domain Warfare and Artillery Operations,G2
2019,doc_AY2019_123_para_2022_14180.txt,14,124,Operational Readiness and Reserve Mobilization,Operational Reserve Training and Mobilization,G1
2019,doc_AY2019_130_para_2029_14238.txt,11,100,"Strategic Command, Technology, and Multi-Domain Warfare",Domain Warfare and Artillery Operations,G2
2019,doc_AY2019_132_para_2031_14247.txt,11,155,"Strategic Command, Technology, and Multi-Domain Warfare",Domain Warfare and Artillery Operations,G2
2019,doc_AY2019_133_para_2032_14258.txt,11,107,"Strategic Command, Technology, and Multi-Domain Warfare",Domain Warfare and Artillery Operations,G2
2019,doc_AY2019_140_para_2039_14309.txt,0,147,"Strategic Command, Technology, and Multi-Domain Warfare",Command Philosophy and Leadership Doctrine,G2
2019,doc_AY2019_140_para_2039_14312.txt,0,132,"Strategic Command, Technology, and Multi-Domain Warfare",Command Philosophy and Leadership Doctrine,G2
2019,doc_AY2019_140_para_2039_14313.txt,0,117,"Strategic Command, Technology, and Multi-Domain Warfare",Command Philosophy and Leadership Doctrine,G2
2019,doc_AY2019_144_para_2043_14336.txt,7,187,"Strategic Command, Technology, and Multi-Domain Warfare",Multi-Domain Operations Concepts,G2
2019,doc_AY2019_148_para_2047_14364.txt,1,99,"Strategic Command, Technology, and Multi-Domain Warfare",Unmanned Aerial Systems and Aviation Tech,G2
2019,doc_AY2019_149_para_2048_14367.txt,0,218,"Strategic Command, Technology, and Multi-Domain Warfare",Command Philosophy and Leadership Doctrine,G2
2019,doc_AY2019_152_para_2051_14386.txt,0,169,"Strategic Command, Technology, and Multi-Domain Warfare",Command Philosophy and Leadership Doctrine,G2
2019,doc_AY2019_152_para_2051_14387.txt,11,161,"Strategic Command, Technology, and Multi-Domain Warfare",Domain Warfare and Artillery Operations,G2
2019,doc_AY2019_152_para_2051_14389.txt,7,99,"Strategic Command, Technology, and Multi-Domain Warfare",Multi-Domain Operations Concepts,G2
2019,doc_AY2019_152_para_2051_14390.txt,2,95,"Strategic Command, Technology, and Multi-Domain Warfare",Headquarters Operations and Integration,G2
2019,doc_AY2019_155_para_2054_14406.txt,2,133,"Strategic Command, Technology, and Multi-Domain Warfare",Headquarters Operations and Integration,G2
2019,doc_AY2019_157_para_2056_14427.txt,5,104,"Strategic Command, Technology, and Multi-Domain Warfare",Defense Logistics and Enterprise Management,G2
2019,doc_AY2019_164_para_2063_14466.txt,8,108,"Strategic Command, Technology, and Multi-Domain Warfare",Additive Manufacturing Technologies,G2
2019,doc_AY2019_164_para_2063_14467.txt,8,95,"Strategic Command, Technology, and Multi-Domain Warfare",Additive Manufacturing Technologies,G2
2019,doc_AY2019_164_para_2063_14469.txt,20,275,Operational Readiness and Reserve Mobilization,Equipment Maintenance and Deployment Support,G1
2019,doc_AY2019_164_para_2063_14470.txt,20,106,Operational Readiness and Reserve Mobilization,Equipment Maintenance and Deployment Support,G1
2019,doc_AY2019_175_para_2074_14533.txt,7,201,"Strategic Command, Technology, and Multi-Domain Warfare",Multi-Domain Operations Concepts,G2
2019,doc_AY2019_175_para_2074_14535.txt,2,107,"Strategic Command, Technology, and Multi-Domain Warfare",Headquarters Operations and Integration,G2
2019,doc_AY2019_177_para_2076_14544.txt,5,127,"Strategic Command, Technology, and Multi-Domain Warfare",Defense Logistics and Enterprise Management,G2
2019,doc_AY2019_190_para_2089_14634.txt,11,167,"Strategic Command, Technology, and Multi-Domain Warfare",Domain Warfare and Artillery Operations,G2
2019,doc_AY2019_190_para_2089_14635.txt,11,118,"Strategic Command, Technology, and Multi-Domain Warfare",Domain Warfare and Artillery Operations,G2
2019,doc_AY2019_190_para_2089_14639.txt,7,112,"Strategic Command, Technology, and Multi-Domain Warfare",Multi-Domain Operations Concepts,G2
2019,doc_AY2019_192_para_2091_14648.txt,0,146,"Strategic Command, Technology, and Multi-Domain Warfare",Command Philosophy and Leadership Doctrine,G2
2019,doc_AY2019_194_para_2093_14666.txt,10,122,Operational Readiness and Reserve Mobilization,Army Reserve and Active Component Integration,G1
2019,doc_AY2019_197_para_2096_14688.txt,11,60,"Strategic Command, Technology, and Multi-Domain Warfare",Domain Warfare and Artillery Operations,G2
2019,doc_AY2019_198_para_2097_14693.txt,5,173,"Strategic Command, Technology, and Multi-Domain Warfare",Defense Logistics and Enterprise Management,G2
2019,doc_AY2019_204_para_2103_14744.txt,11,148,"Strategic Command, Technology, and Multi-Domain Warfare",Domain Warfare and Artillery Operations,G2
2019,doc_AY2019_204_para_2103_14745.txt,5,156,"Strategic Command, Technology, and Multi-Domain Warfare",Defense Logistics and Enterprise Management,G2
2019,doc_AY2019_213_para_2112_14809.txt,10,102,Operational Readiness and Reserve Mobilization,Army Reserve and Active Component Integration,G1
2019,doc_AY2019_213_para_2112_14810.txt,12,100,Operational Readiness and Reserve Mobilization,Leadership Development and Combat Planning,G1
2019,doc_AY2019_213_para_2112_14811.txt,19,140,Operational Readiness and Reserve Mobilization,Sustainment and Modernization Efforts,G1
2019,doc_AY2019_213_para_2112_14812.txt,12,114,Operational Readiness and Reserve Mobilization,Leadership Development and Combat Planning,G1
2019,doc_AY2019_213_para_2112_14813.txt,12,95,Operational Readiness and Reserve Mobilization,Leadership Development and Combat Planning,G1
2019,doc_AY2019_213_para_2112_14814.txt,12,200,Operational Readiness and Reserve Mobilization,Leadership Development and Combat Planning,G1
2019,doc_AY2019_226_para_2125_14897.txt,0,109,"Strategic Command, Technology, and Multi-Domain Warfare",Command Philosophy and Leadership Doctrine,G2
2019,doc_AY2019_226_para_2125_14898.txt,0,90,"Strategic Command, Technology, and Multi-Domain Warfare",Command Philosophy and Leadership Doctrine,G2
2019,doc_AY2019_226_para_2125_14899.txt,0,182,"Strategic Command, Technology, and Multi-Domain Warfare",Command Philosophy and Leadership Doctrine,G2
2019,doc_AY2019_226_para_2125_14900.txt,0,81,"Strategic Command, Technology, and Multi-Domain Warfare",Command Philosophy and Leadership Doctrine,G2
2019,doc_AY2019_226_para_2125_14902.txt,0,113,"Strategic Command, Technology, and Multi-Domain Warfare",Command Philosophy and Leadership Doctrine,G2
2019,doc_AY2019_227_para_2126_14903.txt,0,98,"Strategic Command, Technology, and Multi-Domain Warfare",Command Philosophy and Leadership Doctrine,G2
2019,doc_AY2019_227_para_2126_14904.txt,0,127,"Strategic Command, Technology, and Multi-Domain Warfare",Command Philosophy and Leadership Doctrine,G2
2019,doc_AY2019_229_para_2128_14917.txt,-1,109,Outlier,Outliers,G0
2019,doc_AY2019_229_para_2128_14918.txt,-1,79,Outlier,Outliers,G0
2019,doc_AY2019_229_para_2128_14921.txt,-1,86,Outlier,Outliers,G0
2019,doc_AY2019_229_para_2128_14923.txt,2,104,"Strategic Command, Technology, and Multi-Domain Warfare",Headquarters Operations and Integration,G2
2019,doc_AY2019_229_para_2128_14925.txt,1,101,"Strategic Command, Technology, and Multi-Domain Warfare",Unmanned Aerial Systems and Aviation Tech,G2
2019,doc_AY2019_229_para_2128_14926.txt,1,94,"Strategic Command, Technology, and Multi-Domain Warfare",Unmanned Aerial Systems and Aviation Tech,G2
2019,doc_AY2019_229_para_2128_14927.txt,1,70,"Strategic Command, Technology, and Multi-Domain Warfare",Unmanned Aerial Systems and Aviation Tech,G2
2019,doc_AY2019_229_para_2128_14928.txt,1,97,"Strategic Command, Technology, and Multi-Domain Warfare",Unmanned Aerial Systems and Aviation Tech,G2
2019,doc_AY2019_230_para_2129_14930.txt,9,233,Operational Readiness and Reserve Mobilization,Mobilization Processes for Reserves,G1
2019,doc_AY2019_230_para_2129_14933.txt,8,132,"Strategic Command, Technology, and Multi-Domain Warfare",Additive Manufacturing Technologies,G2
2019,doc_AY2019_231_para_2130_14934.txt,19,157,Operational Readiness and Reserve Mobilization,Sustainment and Modernization Efforts,G1
2019,doc_AY2019_231_para_2130_14936.txt,20,180,Operational Readiness and Reserve Mobilization,Equipment Maintenance and Deployment Support,G1
2019,doc_AY2019_231_para_2130_14938.txt,19,134,Operational Readiness and Reserve Mobilization,Sustainment and Modernization Efforts,G1
2019,doc_AY2019_234_para_2133_14953.txt,9,136,Operational Readiness and Reserve Mobilization,Mobilization Processes for Reserves,G1
2019,doc_AY2019_234_para_2133_14954.txt,6,67,Operational Readiness and Reserve Mobilization,Unit Training and Readiness Cycle,G1
2019,doc_AY2019_234_para_2133_14955.txt,6,162,Operational Readiness and Reserve Mobilization,Unit Training and Readiness Cycle,G1
2019,doc_AY2019_234_para_2133_14956.txt,13,122,Operational Readiness and Reserve Mobilization,Brigade Combat Team Readiness,G1
2019,doc_AY2019_235_para_2134_14959.txt,15,112,"Strategic Command, Technology, and Multi-Domain Warfare",Artillery and Missile Capability Integration,G2
2019,doc_AY2019_235_para_2134_14960.txt,-1,158,Outlier,Outliers,G0
2019,doc_AY2019_235_para_2134_14962.txt,7,231,"Strategic Command, Technology, and Multi-Domain Warfare",Multi-Domain Operations Concepts,G2
2019,doc_AY2019_235_para_2134_14964.txt,15,150,"Strategic Command, Technology, and Multi-Domain Warfare",Artillery and Missile Capability Integration,G2
2019,doc_AY2019_236_para_2135_14965.txt,7,166,"Strategic Command, Technology, and Multi-Domain Warfare",Multi-Domain Operations Concepts,G2
2019,doc_AY2019_236_para_2135_14967.txt,7,204,"Strategic Command, Technology, and Multi-Domain Warfare",Multi-Domain Operations Concepts,G2
2019,doc_AY2019_236_para_2135_14968.txt,0,167,"Strategic Command, Technology, and Multi-Domain Warfare",Command Philosophy and Leadership Doctrine,G2
2019,doc_AY2019_236_para_2135_14969.txt,7,213,"Strategic Command, Technology, and Multi-Domain Warfare",Multi-Domain Operations Concepts,G2
2019,doc_AY2019_236_para_2135_14970.txt,7,141,"Strategic Command, Technology, and Multi-Domain Warfare",Multi-Domain Operations Concepts,G2
2019,doc_AY2019_238_para_2137_14980.txt,11,107,"Strategic Command, Technology, and Multi-Domain Warfare",Domain Warfare and Artillery Operations,G2
2019,doc_AY2019_240_para_2139_14990.txt,0,170,"Strategic Command, Technology, and Multi-Domain Warfare",Command Philosophy and Leadership Doctrine,G2
2019,doc_AY2019_240_para_2139_14992.txt,0,182,"Strategic Command, Technology, and Multi-Domain Warfare",Command Philosophy and Leadership Doctrine,G2
2019,doc_AY2019_252_para_2151_15073.txt,0,187,"Strategic Command, Technology, and Multi-Domain Warfare",Command Philosophy and Leadership Doctrine,G2
2019,doc_AY2019_252_para_2151_15074.txt,11,127,"Strategic Command, Technology, and Multi-Domain Warfare",Domain Warfare and Artillery Operations,G2
2019,doc_AY2019_252_para_2151_15075.txt,19,153,Operational Readiness and Reserve Mobilization,Sustainment and Modernization Efforts,G1
2019,doc_AY2019_268_para_2167_15182.txt,19,221,Operational Readiness and Reserve Mobilization,Sustainment and Modernization Efforts,G1
2019,doc_AY2019_272_para_2171_15214.txt,2,120,"Strategic Command, Technology, and Multi-Domain Warfare",Headquarters Operations and Integration,G2
2019,doc_AY2019_284_para_2183_15282.txt,0,110,"Strategic Command, Technology, and Multi-Domain Warfare",Command Philosophy and Leadership Doctrine,G2
2019,doc_AY2019_284_para_2183_15283.txt,0,153,"Strategic Command, Technology, and Multi-Domain Warfare",Command Philosophy and Leadership Doctrine,G2
2019,doc_AY2019_284_para_2183_15284.txt,0,170,"Strategic Command, Technology, and Multi-Domain Warfare",Command Philosophy and Leadership Doctrine,G2
2019,doc_AY2019_285_para_2184_15288.txt,0,170,"Strategic Command, Technology, and Multi-Domain Warfare",Command Philosophy and Leadership Doctrine,G2
2019,doc_AY2019_285_para_2184_15289.txt,13,225,Operational Readiness and Reserve Mobilization,Brigade Combat Team Readiness,G1
2019,doc_AY2019_285_para_2184_15290.txt,12,202,Operational Readiness and Reserve Mobilization,Leadership Development and Combat Planning,G1
2019,doc_AY2019_285_para_2184_15291.txt,13,189,Operational Readiness and Reserve Mobilization,Brigade Combat Team Readiness,G1
2019,doc_AY2019_285_para_2184_15293.txt,12,132,Operational Readiness and Reserve Mobilization,Leadership Development and Combat Planning,G1
2019,doc_AY2019_292_para_2191_15338.txt,13,124,Operational Readiness and Reserve Mobilization,Brigade Combat Team Readiness,G1
2019,doc_AY2019_300_para_2199_15390.txt,2,113,"Strategic Command, Technology, and Multi-Domain Warfare",Headquarters Operations and Integration,G2
2019,doc_AY2019_300_para_2199_15391.txt,5,139,"Strategic Command, Technology, and Multi-Domain Warfare",Defense Logistics and Enterprise Management,G2
2019,doc_AY2019_302_para_2201_15399.txt,11,100,"Strategic Command, Technology, and Multi-Domain Warfare",Domain Warfare and Artillery Operations,G2
2019,doc_AY2019_302_para_2201_15400.txt,7,136,"Strategic Command, Technology, and Multi-Domain Warfare",Multi-Domain Operations Concepts,G2
2019,doc_AY2019_302_para_2201_15401.txt,13,86,Operational Readiness and Reserve Mobilization,Brigade Combat Team Readiness,G1
2019,doc_AY2019_302_para_2201_15402.txt,0,107,"Strategic Command, Technology, and Multi-Domain Warfare",Command Philosophy and Leadership Doctrine,G2
2019,doc_AY2019_302_para_2201_15403.txt,2,102,"Strategic Command, Technology, and Multi-Domain Warfare",Headquarters Operations and Integration,G2
2019,doc_AY2019_302_para_2201_15404.txt,13,102,Operational Readiness and Reserve Mobilization,Brigade Combat Team Readiness,G1
2019,doc_AY2019_306_para_2205_15428.txt,-1,128,Outlier,Outliers,G0
2019,doc_AY2019_306_para_2205_15429.txt,2,81,"Strategic Command, Technology, and Multi-Domain Warfare",Headquarters Operations and Integration,G2
2019,doc_AY2019_306_para_2205_15432.txt,-1,56,Outlier,Outliers,G0
2019,doc_AY2019_317_para_2216_15510.txt,11,141,"Strategic Command, Technology, and Multi-Domain Warfare",Domain Warfare and Artillery Operations,G2
2019,doc_AY2019_319_para_2218_15517.txt,5,203,"Strategic Command, Technology, and Multi-Domain Warfare",Defense Logistics and Enterprise Management,G2
2019,doc_AY2019_319_para_2218_15518.txt,5,143,"Strategic Command, Technology, and Multi-Domain Warfare",Defense Logistics and Enterprise Management,G2
2019,doc_AY2019_319_para_2218_15519.txt,5,221,"Strategic Command, Technology, and Multi-Domain Warfare",Defense Logistics and Enterprise Management,G2
2019,doc_AY2019_319_para_2218_15520.txt,2,188,"Strategic Command, Technology, and Multi-Domain Warfare",Headquarters Operations and Integration,G2
2019,doc_AY2019_320_para_2219_15523.txt,13,132,Operational Readiness and Reserve Mobilization,Brigade Combat Team Readiness,G1
2019,doc_AY2019_326_para_2225_15568.txt,3,146,Operational Readiness and Reserve Mobilization,National Guard and Reserve Components,G1
2019,doc_AY2019_326_para_2225_15573.txt,10,117,Operational Readiness and Reserve Mobilization,Army Reserve and Active Component Integration,G1
2019,doc_AY2019_330_para_2229_15596.txt,1,91,"Strategic Command, Technology, and Multi-Domain Warfare",Unmanned Aerial Systems and Aviation Tech,G2
2019,doc_AY2019_330_para_2229_15597.txt,1,79,"Strategic Command, Technology, and Multi-Domain Warfare",Unmanned Aerial Systems and Aviation Tech,G2
2019,doc_AY2019_340_para_2239_15664.txt,0,176,"Strategic Command, Technology, and Multi-Domain Warfare",Command Philosophy and Leadership Doctrine,G2
2019,doc_AY2019_342_para_2241_15678.txt,1,78,"Strategic Command, Technology, and Multi-Domain Warfare",Unmanned Aerial Systems and Aviation Tech,G2
2019,doc_AY2019_342_para_2241_15679.txt,1,87,"Strategic Command, Technology, and Multi-Domain Warfare",Unmanned Aerial Systems and Aviation Tech,G2
2019,doc_AY2019_342_para_2241_15682.txt,1,81,"Strategic Command, Technology, and Multi-Domain Warfare",Unmanned Aerial Systems and Aviation Tech,G2
2019,doc_AY2019_342_para_2241_15686.txt,1,74,"Strategic Command, Technology, and Multi-Domain Warfare",Unmanned Aerial Systems and Aviation Tech,G2
2019,doc_AY2019_357_para_2256_15786.txt,17,140,"Strategic Command, Technology, and Multi-Domain Warfare",Security Force Assistance Brigades,G2
2019,doc_AY2019_357_para_2256_15787.txt,17,188,"Strategic Command, Technology, and Multi-Domain Warfare",Security Force Assistance Brigades,G2
2019,doc_AY2019_357_para_2256_15788.txt,17,96,"Strategic Command, Technology, and Multi-Domain Warfare",Security Force Assistance Brigades,G2
2019,doc_AY2019_360_para_2259_15801.txt,1,135,"Strategic Command, Technology, and Multi-Domain Warfare",Unmanned Aerial Systems and Aviation Tech,G2
2019,doc_AY2019_360_para_2259_15804.txt,1,217,"Strategic Command, Technology, and Multi-Domain Warfare",Unmanned Aerial Systems and Aviation Tech,G2
2019,doc_AY2019_360_para_2259_15805.txt,1,112,"Strategic Command, Technology, and Multi-Domain Warfare",Unmanned Aerial Systems and Aviation Tech,G2
2019,doc_AY2019_360_para_2259_15806.txt,3,115,Operational Readiness and Reserve Mobilization,National Guard and Reserve Components,G1
2019,doc_AY2019_369_para_2268_15861.txt,11,142,"Strategic Command, Technology, and Multi-Domain Warfare",Domain Warfare and Artillery Operations,G2
2019,doc_AY2019_369_para_2268_15863.txt,11,171,"Strategic Command, Technology, and Multi-Domain Warfare",Domain Warfare and Artillery Operations,G2
2019,doc_AY2019_369_para_2268_15864.txt,0,172,"Strategic Command, Technology, and Multi-Domain Warfare",Command Philosophy and Leadership Doctrine,G2
2019,doc_AY2019_375_para_2274_15899.txt,11,128,"Strategic Command, Technology, and Multi-Domain Warfare",Domain Warfare and Artillery Operations,G2
2019,doc_AY2019_375_para_2274_15900.txt,7,116,"Strategic Command, Technology, and Multi-Domain Warfare",Multi-Domain Operations Concepts,G2
2019,doc_AY2019_375_para_2274_15901.txt,7,171,"Strategic Command, Technology, and Multi-Domain Warfare",Multi-Domain Operations Concepts,G2
2019,doc_AY2019_375_para_2274_15902.txt,15,114,"Strategic Command, Technology, and Multi-Domain Warfare",Artillery and Missile Capability Integration,G2
2019,doc_AY2019_375_para_2274_15904.txt,2,97,"Strategic Command, Technology, and Multi-Domain Warfare",Headquarters Operations and Integration,G2
2019,doc_AY2019_376_para_2275_15910.txt,12,68,Operational Readiness and Reserve Mobilization,Leadership Development and Combat Planning,G1
2019,doc_AY2019_387_para_2285_15986.txt,10,194,Operational Readiness and Reserve Mobilization,Army Reserve and Active Component Integration,G1
2019,doc_AY2019_387_para_2285_15987.txt,14,206,Operational Readiness and Reserve Mobilization,Operational Reserve Training and Mobilization,G1
2019,doc_AY2019_387_para_2285_15988.txt,16,199,Operational Readiness and Reserve Mobilization,Annual Training Requirements for Reserves,G1
2019,doc_AY2019_387_para_2285_15989.txt,16,229,Operational Readiness and Reserve Mobilization,Annual Training Requirements for Reserves,G1
2019,doc_AY2019_387_para_2285_15990.txt,10,227,Operational Readiness and Reserve Mobilization,Army Reserve and Active Component Integration,G1
2019,doc_AY2019_387_para_2285_15991.txt,14,141,Operational Readiness and Reserve Mobilization,Operational Reserve Training and Mobilization,G1
2019,doc_AY2019_390_para_2288_16012.txt,6,33,Operational Readiness and Reserve Mobilization,Unit Training and Readiness Cycle,G1
2019,doc_AY2019_390_para_2288_16013.txt,20,66,Operational Readiness and Reserve Mobilization,Equipment Maintenance and Deployment Support,G1
2019,doc_AY2019_390_para_2288_16014.txt,0,87,"Strategic Command, Technology, and Multi-Domain Warfare",Command Philosophy and Leadership Doctrine,G2
2019,doc_AY2019_392_para_2290_16033.txt,0,170,"Strategic Command, Technology, and Multi-Domain Warfare",Command Philosophy and Leadership Doctrine,G2
2019,doc_AY2019_392_para_2290_16035.txt,0,133,"Strategic Command, Technology, and Multi-Domain Warfare",Command Philosophy and Leadership Doctrine,G2
2019,doc_AY2019_394_para_2292_16044.txt,11,99,"Strategic Command, Technology, and Multi-Domain Warfare",Domain Warfare and Artillery Operations,G2
2019,doc_AY2019_394_para_2292_16045.txt,19,218,Operational Readiness and Reserve Mobilization,Sustainment and Modernization Efforts,G1
2019,doc_AY2019_394_para_2292_16046.txt,13,170,Operational Readiness and Reserve Mobilization,Brigade Combat Team Readiness,G1
2019,doc_AY2019_394_para_2292_16047.txt,13,114,Operational Readiness and Reserve Mobilization,Brigade Combat Team Readiness,G1
2019,doc_AY2019_394_para_2292_16049.txt,10,66,Operational Readiness and Reserve Mobilization,Army Reserve and Active Component Integration,G1
2019,doc_AY2019_394_para_2292_16050.txt,1,105,"Strategic Command, Technology, and Multi-Domain Warfare",Unmanned Aerial Systems and Aviation Tech,G2
2020,doc_AY2020_005_para_2299_16093.txt,11,110,"Strategic Command, Technology, and Multi-Domain Warfare",Domain Warfare and Artillery Operations,G2
2020,doc_AY2020_005_para_2299_16094.txt,6,212,Operational Readiness and Reserve Mobilization,Unit Training and Readiness Cycle,G1
2020,doc_AY2020_006_para_2300_16105.txt,1,85,"Strategic Command, Technology, and Multi-Domain Warfare",Unmanned Aerial Systems and Aviation Tech,G2
2020,doc_AY2020_008_para_2302_16113.txt,11,166,"Strategic Command, Technology, and Multi-Domain Warfare",Domain Warfare and Artillery Operations,G2
2020,doc_AY2020_008_para_2302_16118.txt,2,177,"Strategic Command, Technology, and Multi-Domain Warfare",Headquarters Operations and Integration,G2
2020,doc_AY2020_015_para_2309_16163.txt,0,152,"Strategic Command, Technology, and Multi-Domain Warfare",Command Philosophy and Leadership Doctrine,G2
2020,doc_AY2020_018_para_2312_16187.txt,18,65,Operational Readiness and Reserve Mobilization,Reserve Support and Mobilization Duties,G1
2020,doc_AY2020_018_para_2312_16188.txt,14,167,Operational Readiness and Reserve Mobilization,Operational Reserve Training and Mobilization,G1
2020,doc_AY2020_018_para_2312_16189.txt,13,193,Operational Readiness and Reserve Mobilization,Brigade Combat Team Readiness,G1
2020,doc_AY2020_018_para_2312_16190.txt,13,150,Operational Readiness and Reserve Mobilization,Brigade Combat Team Readiness,G1
2020,doc_AY2020_018_para_2312_16191.txt,13,235,Operational Readiness and Reserve Mobilization,Brigade Combat Team Readiness,G1
2020,doc_AY2020_018_para_2312_16192.txt,13,191,Operational Readiness and Reserve Mobilization,Brigade Combat Team Readiness,G1
2020,doc_AY2020_019_para_2313_16193.txt,10,188,Operational Readiness and Reserve Mobilization,Army Reserve and Active Component Integration,G1
2020,doc_AY2020_019_para_2313_16194.txt,14,157,Operational Readiness and Reserve Mobilization,Operational Reserve Training and Mobilization,G1
2020,doc_AY2020_019_para_2313_16195.txt,9,118,Operational Readiness and Reserve Mobilization,Mobilization Processes for Reserves,G1
2020,doc_AY2020_019_para_2313_16196.txt,14,148,Operational Readiness and Reserve Mobilization,Operational Reserve Training and Mobilization,G1
2020,doc_AY2020_019_para_2313_16197.txt,7,133,"Strategic Command, Technology, and Multi-Domain Warfare",Multi-Domain Operations Concepts,G2
2020,doc_AY2020_019_para_2313_16198.txt,3,118,Operational Readiness and Reserve Mobilization,National Guard and Reserve Components,G1
2020,doc_AY2020_019_para_2313_16199.txt,18,131,Operational Readiness and Reserve Mobilization,Reserve Support and Mobilization Duties,G1
2020,doc_AY2020_019_para_2313_16200.txt,9,137,Operational Readiness and Reserve Mobilization,Mobilization Processes for Reserves,G1
2020,doc_AY2020_022_para_2316_16214.txt,14,157,Operational Readiness and Reserve Mobilization,Operational Reserve Training and Mobilization,G1
2020,doc_AY2020_022_para_2316_16215.txt,14,135,Operational Readiness and Reserve Mobilization,Operational Reserve Training and Mobilization,G1
2020,doc_AY2020_022_para_2316_16216.txt,14,132,Operational Readiness and Reserve Mobilization,Operational Reserve Training and Mobilization,G1
2020,doc_AY2020_022_para_2316_16217.txt,16,177,Operational Readiness and Reserve Mobilization,Annual Training Requirements for Reserves,G1
2020,doc_AY2020_022_para_2316_16218.txt,14,107,Operational Readiness and Reserve Mobilization,Operational Reserve Training and Mobilization,G1
2020,doc_AY2020_022_para_2316_16219.txt,13,119,Operational Readiness and Reserve Mobilization,Brigade Combat Team Readiness,G1
2020,doc_AY2020_022_para_2316_16220.txt,14,98,Operational Readiness and Reserve Mobilization,Operational Reserve Training and Mobilization,G1
2020,doc_AY2020_025_para_2319_16231.txt,11,156,"Strategic Command, Technology, and Multi-Domain Warfare",Domain Warfare and Artillery Operations,G2
2020,doc_AY2020_042_para_2335_16360.txt,17,141,"Strategic Command, Technology, and Multi-Domain Warfare",Security Force Assistance Brigades,G2
2020,doc_AY2020_042_para_2335_16361.txt,17,143,"Strategic Command, Technology, and Multi-Domain Warfare",Security Force Assistance Brigades,G2
2020,doc_AY2020_043_para_2336_16366.txt,3,103,Operational Readiness and Reserve Mobilization,National Guard and Reserve Components,G1
2020,doc_AY2020_044_para_2337_16381.txt,4,167,"Strategic Command, Technology, and Multi-Domain Warfare",Regional Alignment and Funding Support,G2
2020,doc_AY2020_066_para_2359_16538.txt,5,114,"Strategic Command, Technology, and Multi-Domain Warfare",Defense Logistics and Enterprise Management,G2
2020,doc_AY2020_066_para_2359_16539.txt,5,124,"Strategic Command, Technology, and Multi-Domain Warfare",Defense Logistics and Enterprise Management,G2
2020,doc_AY2020_066_para_2359_16540.txt,5,131,"Strategic Command, Technology, and Multi-Domain Warfare",Defense Logistics and Enterprise Management,G2
2020,doc_AY2020_066_para_2359_16542.txt,2,140,"Strategic Command, Technology, and Multi-Domain Warfare",Headquarters Operations and Integration,G2
2020,doc_AY2020_066_para_2359_16543.txt,5,150,"Strategic Command, Technology, and Multi-Domain Warfare",Defense Logistics and Enterprise Management,G2
2020,doc_AY2020_066_para_2359_16544.txt,2,109,"Strategic Command, Technology, and Multi-Domain Warfare",Headquarters Operations and Integration,G2
2020,doc_AY2020_071_para_2364_16565.txt,10,97,Operational Readiness and Reserve Mobilization,Army Reserve and Active Component Integration,G1
2020,doc_AY2020_073_para_2366_16584.txt,19,157,Operational Readiness and Reserve Mobilization,Sustainment and Modernization Efforts,G1
2020,doc_AY2020_076_para_2369_16607.txt,1,137,"Strategic Command, Technology, and Multi-Domain Warfare",Unmanned Aerial Systems and Aviation Tech,G2
2020,doc_AY2020_085_para_2378_16666.txt,20,108,Operational Readiness and Reserve Mobilization,Equipment Maintenance and Deployment Support,G1
2020,doc_AY2020_085_para_2378_16667.txt,13,101,Operational Readiness and Reserve Mobilization,Brigade Combat Team Readiness,G1
2020,doc_AY2020_085_para_2378_16669.txt,-1,97,Outlier,Outliers,G0
2020,doc_AY2020_090_para_2383_16698.txt,3,131,Operational Readiness and Reserve Mobilization,National Guard and Reserve Components,G1
2020,doc_AY2020_090_para_2383_16699.txt,3,215,Operational Readiness and Reserve Mobilization,National Guard and Reserve Components,G1
2020,doc_AY2020_090_para_2383_16700.txt,6,95,Operational Readiness and Reserve Mobilization,Unit Training and Readiness Cycle,G1
2020,doc_AY2020_090_para_2383_16701.txt,3,100,Operational Readiness and Reserve Mobilization,National Guard and Reserve Components,G1
2020,doc_AY2020_090_para_2383_16703.txt,3,150,Operational Readiness and Reserve Mobilization,National Guard and Reserve Components,G1
2020,doc_AY2020_090_para_2383_16705.txt,13,105,Operational Readiness and Reserve Mobilization,Brigade Combat Team Readiness,G1
2020,doc_AY2020_090_para_2383_16707.txt,6,125,Operational Readiness and Reserve Mobilization,Unit Training and Readiness Cycle,G1
2020,doc_AY2020_090_para_2383_16708.txt,3,172,Operational Readiness and Reserve Mobilization,National Guard and Reserve Components,G1
2020,doc_AY2020_090_para_2383_16709.txt,16,127,Operational Readiness and Reserve Mobilization,Annual Training Requirements for Reserves,G1
2020,doc_AY2020_090_para_2383_16710.txt,3,99,Operational Readiness and Reserve Mobilization,National Guard and Reserve Components,G1
2020,doc_AY2020_090_para_2383_16711.txt,16,122,Operational Readiness and Reserve Mobilization,Annual Training Requirements for Reserves,G1
2020,doc_AY2020_096_para_2389_16747.txt,1,103,"Strategic Command, Technology, and Multi-Domain Warfare",Unmanned Aerial Systems and Aviation Tech,G2
2020,doc_AY2020_099_para_2392_16772.txt,1,91,"Strategic Command, Technology, and Multi-Domain Warfare",Unmanned Aerial Systems and Aviation Tech,G2
2020,doc_AY2020_099_para_2392_16775.txt,11,139,"Strategic Command, Technology, and Multi-Domain Warfare",Domain Warfare and Artillery Operations,G2
2020,doc_AY2020_099_para_2392_16776.txt,1,102,"Strategic Command, Technology, and Multi-Domain Warfare",Unmanned Aerial Systems and Aviation Tech,G2
2020,doc_AY2020_100_para_2393_16783.txt,5,96,"Strategic Command, Technology, and Multi-Domain Warfare",Defense Logistics and Enterprise Management,G2
2020,doc_AY2020_103_para_2396_16809.txt,17,142,"Strategic Command, Technology, and Multi-Domain Warfare",Security Force Assistance Brigades,G2
2020,doc_AY2020_108_para_2401_16845.txt,18,154,Operational Readiness and Reserve Mobilization,Reserve Support and Mobilization Duties,G1
2020,doc_AY2020_108_para_2401_16846.txt,18,88,Operational Readiness and Reserve Mobilization,Reserve Support and Mobilization Duties,G1
2020,doc_AY2020_110_para_2403_16864.txt,0,244,"Strategic Command, Technology, and Multi-Domain Warfare",Command Philosophy and Leadership Doctrine,G2
2020,doc_AY2020_111_para_2404_16866.txt,10,152,Operational Readiness and Reserve Mobilization,Army Reserve and Active Component Integration,G1
2020,doc_AY2020_111_para_2404_16868.txt,2,156,"Strategic Command, Technology, and Multi-Domain Warfare",Headquarters Operations and Integration,G2
2020,doc_AY2020_111_para_2404_16870.txt,2,218,"Strategic Command, Technology, and Multi-Domain Warfare",Headquarters Operations and Integration,G2
2020,doc_AY2020_115_para_2408_16893.txt,7,212,"Strategic Command, Technology, and Multi-Domain Warfare",Multi-Domain Operations Concepts,G2
2020,doc_AY2020_115_para_2408_16894.txt,0,187,"Strategic Command, Technology, and Multi-Domain Warfare",Command Philosophy and Leadership Doctrine,G2
2020,doc_AY2020_115_para_2408_16896.txt,7,153,"Strategic Command, Technology, and Multi-Domain Warfare",Multi-Domain Operations Concepts,G2
2020,doc_AY2020_115_para_2408_16897.txt,7,165,"Strategic Command, Technology, and Multi-Domain Warfare",Multi-Domain Operations Concepts,G2
2020,doc_AY2020_115_para_2408_16898.txt,2,127,"Strategic Command, Technology, and Multi-Domain Warfare",Headquarters Operations and Integration,G2
2020,doc_AY2020_116_para_2409_16902.txt,1,173,"Strategic Command, Technology, and Multi-Domain Warfare",Unmanned Aerial Systems and Aviation Tech,G2
2020,doc_AY2020_118_para_2411_16914.txt,7,128,"Strategic Command, Technology, and Multi-Domain Warfare",Multi-Domain Operations Concepts,G2
2020,doc_AY2020_118_para_2411_16915.txt,0,71,"Strategic Command, Technology, and Multi-Domain Warfare",Command Philosophy and Leadership Doctrine,G2
2020,doc_AY2020_121_para_2414_16935.txt,-1,33,Outlier,Outliers,G0
2020,doc_AY2020_127_para_2420_16971.txt,5,98,"Strategic Command, Technology, and Multi-Domain Warfare",Defense Logistics and Enterprise Management,G2
2020,doc_AY2020_127_para_2420_16972.txt,5,125,"Strategic Command, Technology, and Multi-Domain Warfare",Defense Logistics and Enterprise Management,G2
2020,doc_AY2020_127_para_2420_16973.txt,20,208,Operational Readiness and Reserve Mobilization,Equipment Maintenance and Deployment Support,G1
2020,doc_AY2020_127_para_2420_16974.txt,1,193,"Strategic Command, Technology, and Multi-Domain Warfare",Unmanned Aerial Systems and Aviation Tech,G2
2020,doc_AY2020_127_para_2420_16975.txt,5,134,"Strategic Command, Technology, and Multi-Domain Warfare",Defense Logistics and Enterprise Management,G2
2020,doc_AY2020_127_para_2420_16976.txt,2,70,"Strategic Command, Technology, and Multi-Domain Warfare",Headquarters Operations and Integration,G2
2020,doc_AY2020_128_para_2421_16982.txt,2,100,"Strategic Command, Technology, and Multi-Domain Warfare",Headquarters Operations and Integration,G2
2020,doc_AY2020_129_para_2422_16987.txt,7,97,"Strategic Command, Technology, and Multi-Domain Warfare",Multi-Domain Operations Concepts,G2
2020,doc_AY2020_129_para_2422_16988.txt,7,195,"Strategic Command, Technology, and Multi-Domain Warfare",Multi-Domain Operations Concepts,G2
2020,doc_AY2020_132_para_2425_17006.txt,1,88,"Strategic Command, Technology, and Multi-Domain Warfare",Unmanned Aerial Systems and Aviation Tech,G2
2020,doc_AY2020_132_para_2425_17007.txt,12,112,Operational Readiness and Reserve Mobilization,Leadership Development and Combat Planning,G1
2020,doc_AY2020_132_para_2425_17008.txt,12,82,Operational Readiness and Reserve Mobilization,Leadership Development and Combat Planning,G1
2020,doc_AY2020_132_para_2425_17009.txt,16,115,Operational Readiness and Reserve Mobilization,Annual Training Requirements for Reserves,G1
2020,doc_AY2020_143_para_2436_17086.txt,0,21,"Strategic Command, Technology, and Multi-Domain Warfare",Command Philosophy and Leadership Doctrine,G2
2020,doc_AY2020_144_para_2437_17087.txt,1,173,"Strategic Command, Technology, and Multi-Domain Warfare",Unmanned Aerial Systems and Aviation Tech,G2
2020,doc_AY2020_144_para_2437_17088.txt,1,91,"Strategic Command, Technology, and Multi-Domain Warfare",Unmanned Aerial Systems and Aviation Tech,G2
2020,doc_AY2020_144_para_2437_17089.txt,1,157,"Strategic Command, Technology, and Multi-Domain Warfare",Unmanned Aerial Systems and Aviation Tech,G2
2020,doc_AY2020_144_para_2437_17092.txt,1,86,"Strategic Command, Technology, and Multi-Domain Warfare",Unmanned Aerial Systems and Aviation Tech,G2
2020,doc_AY2020_146_para_2439_17108.txt,7,222,"Strategic Command, Technology, and Multi-Domain Warfare",Multi-Domain Operations Concepts,G2
2020,doc_AY2020_158_para_2451_17183.txt,6,140,Operational Readiness and Reserve Mobilization,Unit Training and Readiness Cycle,G1
2020,doc_AY2020_158_para_2451_17184.txt,6,129,Operational Readiness and Reserve Mobilization,Unit Training and Readiness Cycle,G1
2020,doc_AY2020_158_para_2451_17185.txt,13,138,Operational Readiness and Reserve Mobilization,Brigade Combat Team Readiness,G1
2020,doc_AY2020_158_para_2451_17186.txt,20,132,Operational Readiness and Reserve Mobilization,Equipment Maintenance and Deployment Support,G1
2020,doc_AY2020_158_para_2451_17187.txt,20,141,Operational Readiness and Reserve Mobilization,Equipment Maintenance and Deployment Support,G1
2020,doc_AY2020_158_para_2451_17189.txt,6,126,Operational Readiness and Reserve Mobilization,Unit Training and Readiness Cycle,G1
2020,doc_AY2020_177_para_2470_17332.txt,-1,92,Outlier,Outliers,G0
2020,doc_AY2020_179_para_2472_17347.txt,1,294,"Strategic Command, Technology, and Multi-Domain Warfare",Unmanned Aerial Systems and Aviation Tech,G2
2020,doc_AY2020_182_para_2475_17364.txt,7,174,"Strategic Command, Technology, and Multi-Domain Warfare",Multi-Domain Operations Concepts,G2
2020,doc_AY2020_187_para_2480_17401.txt,15,121,"Strategic Command, Technology, and Multi-Domain Warfare",Artillery and Missile Capability Integration,G2
2020,doc_AY2020_187_para_2480_17404.txt,2,106,"Strategic Command, Technology, and Multi-Domain Warfare",Headquarters Operations and Integration,G2
2020,doc_AY2020_187_para_2480_17405.txt,20,160,Operational Readiness and Reserve Mobilization,Equipment Maintenance and Deployment Support,G1
2020,doc_AY2020_187_para_2480_17409.txt,0,219,"Strategic Command, Technology, and Multi-Domain Warfare",Command Philosophy and Leadership Doctrine,G2
2020,doc_AY2020_187_para_2480_17410.txt,2,76,"Strategic Command, Technology, and Multi-Domain Warfare",Headquarters Operations and Integration,G2
2020,doc_AY2020_191_para_2484_17432.txt,9,109,Operational Readiness and Reserve Mobilization,Mobilization Processes for Reserves,G1
2020,doc_AY2020_209_para_2502_17558.txt,3,131,Operational Readiness and Reserve Mobilization,National Guard and Reserve Components,G1
2020,doc_AY2020_209_para_2502_17559.txt,3,153,Operational Readiness and Reserve Mobilization,National Guard and Reserve Components,G1
2020,doc_AY2020_209_para_2502_17561.txt,14,141,Operational Readiness and Reserve Mobilization,Operational Reserve Training and Mobilization,G1
2020,doc_AY2020_209_para_2502_17562.txt,3,107,Operational Readiness and Reserve Mobilization,National Guard and Reserve Components,G1
2020,doc_AY2020_213_para_2506_17592.txt,7,194,"Strategic Command, Technology, and Multi-Domain Warfare",Multi-Domain Operations Concepts,G2
2020,doc_AY2020_215_para_2508_17602.txt,14,135,Operational Readiness and Reserve Mobilization,Operational Reserve Training and Mobilization,G1
2020,doc_AY2020_215_para_2508_17603.txt,9,136,Operational Readiness and Reserve Mobilization,Mobilization Processes for Reserves,G1
2020,doc_AY2020_215_para_2508_17604.txt,6,153,Operational Readiness and Reserve Mobilization,Unit Training and Readiness Cycle,G1
2020,doc_AY2020_215_para_2508_17607.txt,12,109,Operational Readiness and Reserve Mobilization,Leadership Development and Combat Planning,G1
2020,doc_AY2020_215_para_2508_17608.txt,6,99,Operational Readiness and Reserve Mobilization,Unit Training and Readiness Cycle,G1
2020,doc_AY2020_226_para_2519_17682.txt,18,168,Operational Readiness and Reserve Mobilization,Reserve Support and Mobilization Duties,G1
2020,doc_AY2020_226_para_2519_17683.txt,13,109,Operational Readiness and Reserve Mobilization,Brigade Combat Team Readiness,G1
2020,doc_AY2020_226_para_2519_17684.txt,13,88,Operational Readiness and Reserve Mobilization,Brigade Combat Team Readiness,G1
2020,doc_AY2020_226_para_2519_17685.txt,3,104,Operational Readiness and Reserve Mobilization,National Guard and Reserve Components,G1
2020,doc_AY2020_227_para_2520_17687.txt,11,106,"Strategic Command, Technology, and Multi-Domain Warfare",Domain Warfare and Artillery Operations,G2
2020,doc_AY2020_227_para_2520_17688.txt,10,158,Operational Readiness and Reserve Mobilization,Army Reserve and Active Component Integration,G1
2020,doc_AY2020_227_para_2520_17689.txt,7,205,"Strategic Command, Technology, and Multi-Domain Warfare",Multi-Domain Operations Concepts,G2
2020,doc_AY2020_227_para_2520_17690.txt,0,76,"Strategic Command, Technology, and Multi-Domain Warfare",Command Philosophy and Leadership Doctrine,G2
2020,doc_AY2020_227_para_2520_17691.txt,7,149,"Strategic Command, Technology, and Multi-Domain Warfare",Multi-Domain Operations Concepts,G2
2020,doc_AY2020_227_para_2520_17692.txt,0,50,"Strategic Command, Technology, and Multi-Domain Warfare",Command Philosophy and Leadership Doctrine,G2
2020,doc_AY2020_229_para_2522_17704.txt,1,178,"Strategic Command, Technology, and Multi-Domain Warfare",Unmanned Aerial Systems and Aviation Tech,G2
2020,doc_AY2020_235_para_2528_17749.txt,0,105,"Strategic Command, Technology, and Multi-Domain Warfare",Command Philosophy and Leadership Doctrine,G2
2020,doc_AY2020_235_para_2528_17750.txt,0,127,"Strategic Command, Technology, and Multi-Domain Warfare",Command Philosophy and Leadership Doctrine,G2
2020,doc_AY2020_235_para_2528_17751.txt,0,65,"Strategic Command, Technology, and Multi-Domain Warfare",Command Philosophy and Leadership Doctrine,G2
2020,doc_AY2020_235_para_2528_17752.txt,0,141,"Strategic Command, Technology, and Multi-Domain Warfare",Command Philosophy and Leadership Doctrine,G2
2020,doc_AY2020_235_para_2528_17755.txt,0,156,"Strategic Command, Technology, and Multi-Domain Warfare",Command Philosophy and Leadership Doctrine,G2
2020,doc_AY2020_235_para_2528_17756.txt,0,114,"Strategic Command, Technology, and Multi-Domain Warfare",Command Philosophy and Leadership Doctrine,G2
2020,doc_AY2020_235_para_2528_17757.txt,0,125,"Strategic Command, Technology, and Multi-Domain Warfare",Command Philosophy and Leadership Doctrine,G2
2020,doc_AY2020_241_para_2534_17794.txt,1,188,"Strategic Command, Technology, and Multi-Domain Warfare",Unmanned Aerial Systems and Aviation Tech,G2
2020,doc_AY2020_244_para_2537_17815.txt,0,126,"Strategic Command, Technology, and Multi-Domain Warfare",Command Philosophy and Leadership Doctrine,G2
2020,doc_AY2020_244_para_2537_17816.txt,7,104,"Strategic Command, Technology, and Multi-Domain Warfare",Multi-Domain Operations Concepts,G2
2020,doc_AY2020_244_para_2537_17817.txt,7,154,"Strategic Command, Technology, and Multi-Domain Warfare",Multi-Domain Operations Concepts,G2
2020,doc_AY2020_244_para_2537_17818.txt,7,81,"Strategic Command, Technology, and Multi-Domain Warfare",Multi-Domain Operations Concepts,G2
2020,doc_AY2020_244_para_2537_17820.txt,7,78,"Strategic Command, Technology, and Multi-Domain Warfare",Multi-Domain Operations Concepts,G2
2020,doc_AY2020_244_para_2537_17822.txt,1,95,"Strategic Command, Technology, and Multi-Domain Warfare",Unmanned Aerial Systems and Aviation Tech,G2
2021,doc_AY2021_008_para_2546_17874.txt,11,162,"Strategic Command, Technology, and Multi-Domain Warfare",Domain Warfare and Artillery Operations,G2
2021,doc_AY2021_013_para_2551_17915.txt,0,112,"Strategic Command, Technology, and Multi-Domain Warfare",Command Philosophy and Leadership Doctrine,G2
2021,doc_AY2021_016_para_2554_17928.txt,19,182,Operational Readiness and Reserve Mobilization,Sustainment and Modernization Efforts,G1
2021,doc_AY2021_016_para_2554_17930.txt,1,157,"Strategic Command, Technology, and Multi-Domain Warfare",Unmanned Aerial Systems and Aviation Tech,G2
2021,doc_AY2021_016_para_2554_17932.txt,1,175,"Strategic Command, Technology, and Multi-Domain Warfare",Unmanned Aerial Systems and Aviation Tech,G2
2021,doc_AY2021_017_para_2555_17933.txt,11,349,"Strategic Command, Technology, and Multi-Domain Warfare",Domain Warfare and Artillery Operations,G2
2021,doc_AY2021_018_para_2556_17936.txt,10,166,Operational Readiness and Reserve Mobilization,Army Reserve and Active Component Integration,G1
2021,doc_AY2021_018_para_2556_17937.txt,5,174,"Strategic Command, Technology, and Multi-Domain Warfare",Defense Logistics and Enterprise Management,G2
2021,doc_AY2021_018_para_2556_17938.txt,20,169,Operational Readiness and Reserve Mobilization,Equipment Maintenance and Deployment Support,G1
2021,doc_AY2021_018_para_2556_17939.txt,20,124,Operational Readiness and Reserve Mobilization,Equipment Maintenance and Deployment Support,G1
2021,doc_AY2021_018_para_2556_17940.txt,20,226,Operational Readiness and Reserve Mobilization,Equipment Maintenance and Deployment Support,G1
2021,doc_AY2021_018_para_2556_17941.txt,20,131,Operational Readiness and Reserve Mobilization,Equipment Maintenance and Deployment Support,G1
2021,doc_AY2021_019_para_2557_17948.txt,5,114,"Strategic Command, Technology, and Multi-Domain Warfare",Defense Logistics and Enterprise Management,G2
2021,doc_AY2021_022_para_2560_17962.txt,0,137,"Strategic Command, Technology, and Multi-Domain Warfare",Command Philosophy and Leadership Doctrine,G2
2021,doc_AY2021_022_para_2560_17963.txt,0,97,"Strategic Command, Technology, and Multi-Domain Warfare",Command Philosophy and Leadership Doctrine,G2
2021,doc_AY2021_030_para_2568_18006.txt,10,236,Operational Readiness and Reserve Mobilization,Army Reserve and Active Component Integration,G1
2021,doc_AY2021_030_para_2568_18008.txt,17,126,"Strategic Command, Technology, and Multi-Domain Warfare",Security Force Assistance Brigades,G2
2021,doc_AY2021_030_para_2568_18009.txt,17,192,"Strategic Command, Technology, and Multi-Domain Warfare",Security Force Assistance Brigades,G2
2021,doc_AY2021_035_para_2573_18035.txt,7,150,"Strategic Command, Technology, and Multi-Domain Warfare",Multi-Domain Operations Concepts,G2
2021,doc_AY2021_036_para_2574_18042.txt,1,182,"Strategic Command, Technology, and Multi-Domain Warfare",Unmanned Aerial Systems and Aviation Tech,G2
2021,doc_AY2021_036_para_2574_18043.txt,1,194,"Strategic Command, Technology, and Multi-Domain Warfare",Unmanned Aerial Systems and Aviation Tech,G2
2021,doc_AY2021_036_para_2574_18044.txt,1,121,"Strategic Command, Technology, and Multi-Domain Warfare",Unmanned Aerial Systems and Aviation Tech,G2
2021,doc_AY2021_036_para_2574_18045.txt,1,111,"Strategic Command, Technology, and Multi-Domain Warfare",Unmanned Aerial Systems and Aviation Tech,G2
2021,doc_AY2021_036_para_2574_18046.txt,1,152,"Strategic Command, Technology, and Multi-Domain Warfare",Unmanned Aerial Systems and Aviation Tech,G2
2021,doc_AY2021_036_para_2574_18047.txt,1,137,"Strategic Command, Technology, and Multi-Domain Warfare",Unmanned Aerial Systems and Aviation Tech,G2
2021,doc_AY2021_036_para_2574_18049.txt,1,126,"Strategic Command, Technology, and Multi-Domain Warfare",Unmanned Aerial Systems and Aviation Tech,G2
2021,doc_AY2021_038_para_2576_18060.txt,3,171,Operational Readiness and Reserve Mobilization,National Guard and Reserve Components,G1
2021,doc_AY2021_040_para_2578_18071.txt,2,83,"Strategic Command, Technology, and Multi-Domain Warfare",Headquarters Operations and Integration,G2
2021,doc_AY2021_040_para_2578_18072.txt,2,158,"Strategic Command, Technology, and Multi-Domain Warfare",Headquarters Operations and Integration,G2
2021,doc_AY2021_040_para_2578_18073.txt,7,131,"Strategic Command, Technology, and Multi-Domain Warfare",Multi-Domain Operations Concepts,G2
2021,doc_AY2021_040_para_2578_18074.txt,7,120,"Strategic Command, Technology, and Multi-Domain Warfare",Multi-Domain Operations Concepts,G2
2021,doc_AY2021_040_para_2578_18075.txt,2,129,"Strategic Command, Technology, and Multi-Domain Warfare",Headquarters Operations and Integration,G2
2021,doc_AY2021_048_para_2585_18134.txt,1,94,"Strategic Command, Technology, and Multi-Domain Warfare",Unmanned Aerial Systems and Aviation Tech,G2
2021,doc_AY2021_048_para_2585_18135.txt,1,187,"Strategic Command, Technology, and Multi-Domain Warfare",Unmanned Aerial Systems and Aviation Tech,G2
2021,doc_AY2021_048_para_2585_18136.txt,1,259,"Strategic Command, Technology, and Multi-Domain Warfare",Unmanned Aerial Systems and Aviation Tech,G2
2021,doc_AY2021_048_para_2585_18137.txt,1,184,"Strategic Command, Technology, and Multi-Domain Warfare",Unmanned Aerial Systems and Aviation Tech,G2
2021,doc_AY2021_048_para_2585_18138.txt,1,265,"Strategic Command, Technology, and Multi-Domain Warfare",Unmanned Aerial Systems and Aviation Tech,G2
2021,doc_AY2021_048_para_2585_18139.txt,1,208,"Strategic Command, Technology, and Multi-Domain Warfare",Unmanned Aerial Systems and Aviation Tech,G2
2021,doc_AY2021_074_para_2611_18294.txt,2,130,"Strategic Command, Technology, and Multi-Domain Warfare",Headquarters Operations and Integration,G2
2021,doc_AY2021_074_para_2611_18296.txt,17,149,"Strategic Command, Technology, and Multi-Domain Warfare",Security Force Assistance Brigades,G2
2021,doc_AY2021_074_para_2611_18297.txt,17,122,"Strategic Command, Technology, and Multi-Domain Warfare",Security Force Assistance Brigades,G2
2021,doc_AY2021_074_para_2611_18298.txt,17,125,"Strategic Command, Technology, and Multi-Domain Warfare",Security Force Assistance Brigades,G2
2021,doc_AY2021_074_para_2611_18299.txt,17,171,"Strategic Command, Technology, and Multi-Domain Warfare",Security Force Assistance Brigades,G2
2021,doc_AY2021_074_para_2611_18300.txt,2,159,"Strategic Command, Technology, and Multi-Domain Warfare",Headquarters Operations and Integration,G2
2021,doc_AY2021_081_para_2617_18338.txt,1,85,"Strategic Command, Technology, and Multi-Domain Warfare",Unmanned Aerial Systems and Aviation Tech,G2
2021,doc_AY2021_081_para_2617_18339.txt,1,171,"Strategic Command, Technology, and Multi-Domain Warfare",Unmanned Aerial Systems and Aviation Tech,G2
2021,doc_AY2021_081_para_2617_18342.txt,1,193,"Strategic Command, Technology, and Multi-Domain Warfare",Unmanned Aerial Systems and Aviation Tech,G2
2021,doc_AY2021_081_para_2617_18343.txt,1,62,"Strategic Command, Technology, and Multi-Domain Warfare",Unmanned Aerial Systems and Aviation Tech,G2
2021,doc_AY2021_086_para_2622_18370.txt,0,199,"Strategic Command, Technology, and Multi-Domain Warfare",Command Philosophy and Leadership Doctrine,G2
2021,doc_AY2021_086_para_2622_18373.txt,12,118,Operational Readiness and Reserve Mobilization,Leadership Development and Combat Planning,G1
2021,doc_AY2021_090_para_2626_18403.txt,1,80,"Strategic Command, Technology, and Multi-Domain Warfare",Unmanned Aerial Systems and Aviation Tech,G2
2021,doc_AY2021_090_para_2626_18405.txt,1,109,"Strategic Command, Technology, and Multi-Domain Warfare",Unmanned Aerial Systems and Aviation Tech,G2
2021,doc_AY2021_093_para_2629_18426.txt,12,129,Operational Readiness and Reserve Mobilization,Leadership Development and Combat Planning,G1
2021,doc_AY2021_107_para_2642_18514.txt,0,134,"Strategic Command, Technology, and Multi-Domain Warfare",Command Philosophy and Leadership Doctrine,G2
2021,doc_AY2021_107_para_2642_18517.txt,0,95,"Strategic Command, Technology, and Multi-Domain Warfare",Command Philosophy and Leadership Doctrine,G2
2021,doc_AY2021_112_para_2647_18547.txt,11,162,"Strategic Command, Technology, and Multi-Domain Warfare",Domain Warfare and Artillery Operations,G2
2021,doc_AY2021_112_para_2647_18550.txt,0,133,"Strategic Command, Technology, and Multi-Domain Warfare",Command Philosophy and Leadership Doctrine,G2
2021,doc_AY2021_113_para_2648_18555.txt,11,218,"Strategic Command, Technology, and Multi-Domain Warfare",Domain Warfare and Artillery Operations,G2
2021,doc_AY2021_113_para_2648_18556.txt,19,161,Operational Readiness and Reserve Mobilization,Sustainment and Modernization Efforts,G1
2021,doc_AY2021_127_para_2662_18637.txt,14,160,Operational Readiness and Reserve Mobilization,Operational Reserve Training and Mobilization,G1
2021,doc_AY2021_127_para_2662_18638.txt,3,150,Operational Readiness and Reserve Mobilization,National Guard and Reserve Components,G1
2021,doc_AY2021_127_para_2662_18639.txt,20,130,Operational Readiness and Reserve Mobilization,Equipment Maintenance and Deployment Support,G1
2021,doc_AY2021_127_para_2662_18643.txt,12,111,Operational Readiness and Reserve Mobilization,Leadership Development and Combat Planning,G1
2021,doc_AY2021_127_para_2662_18644.txt,6,106,Operational Readiness and Reserve Mobilization,Unit Training and Readiness Cycle,G1
2021,doc_AY2021_128_para_2663_18645.txt,3,166,Operational Readiness and Reserve Mobilization,National Guard and Reserve Components,G1
2021,doc_AY2021_128_para_2663_18646.txt,14,110,Operational Readiness and Reserve Mobilization,Operational Reserve Training and Mobilization,G1
2021,doc_AY2021_128_para_2663_18647.txt,3,180,Operational Readiness and Reserve Mobilization,National Guard and Reserve Components,G1
2021,doc_AY2021_128_para_2663_18648.txt,14,195,Operational Readiness and Reserve Mobilization,Operational Reserve Training and Mobilization,G1
2021,doc_AY2021_128_para_2663_18650.txt,14,82,Operational Readiness and Reserve Mobilization,Operational Reserve Training and Mobilization,G1
2021,doc_AY2021_128_para_2663_18651.txt,14,105,Operational Readiness and Reserve Mobilization,Operational Reserve Training and Mobilization,G1
2021,doc_AY2021_128_para_2663_18652.txt,3,159,Operational Readiness and Reserve Mobilization,National Guard and Reserve Components,G1
2021,doc_AY2021_129_para_2664_18653.txt,3,175,Operational Readiness and Reserve Mobilization,National Guard and Reserve Components,G1
2021,doc_AY2021_129_para_2664_18654.txt,3,104,Operational Readiness and Reserve Mobilization,National Guard and Reserve Components,G1
2021,doc_AY2021_129_para_2664_18655.txt,-1,102,Outlier,Outliers,G0
2021,doc_AY2021_129_para_2664_18657.txt,6,123,Operational Readiness and Reserve Mobilization,Unit Training and Readiness Cycle,G1
2021,doc_AY2021_129_para_2664_18658.txt,3,133,Operational Readiness and Reserve Mobilization,National Guard and Reserve Components,G1
2021,doc_AY2021_136_para_2670_18690.txt,7,196,"Strategic Command, Technology, and Multi-Domain Warfare",Multi-Domain Operations Concepts,G2
2021,doc_AY2021_141_para_2675_18721.txt,12,135,Operational Readiness and Reserve Mobilization,Leadership Development and Combat Planning,G1
2021,doc_AY2021_147_para_2681_18768.txt,0,86,"Strategic Command, Technology, and Multi-Domain Warfare",Command Philosophy and Leadership Doctrine,G2
2021,doc_AY2021_152_para_2686_18806.txt,0,132,"Strategic Command, Technology, and Multi-Domain Warfare",Command Philosophy and Leadership Doctrine,G2
2021,doc_AY2021_152_para_2686_18808.txt,0,106,"Strategic Command, Technology, and Multi-Domain Warfare",Command Philosophy and Leadership Doctrine,G2
2021,doc_AY2021_152_para_2686_18811.txt,0,38,"Strategic Command, Technology, and Multi-Domain Warfare",Command Philosophy and Leadership Doctrine,G2
2021,doc_AY2021_158_para_2692_18856.txt,12,154,Operational Readiness and Reserve Mobilization,Leadership Development and Combat Planning,G1
2021,doc_AY2021_164_para_2698_18899.txt,5,61,"Strategic Command, Technology, and Multi-Domain Warfare",Defense Logistics and Enterprise Management,G2
2021,doc_AY2021_172_para_2706_18955.txt,19,105,Operational Readiness and Reserve Mobilization,Sustainment and Modernization Efforts,G1
2021,doc_AY2021_175_para_2709_18975.txt,7,121,"Strategic Command, Technology, and Multi-Domain Warfare",Multi-Domain Operations Concepts,G2
2021,doc_AY2021_175_para_2709_18977.txt,2,107,"Strategic Command, Technology, and Multi-Domain Warfare",Headquarters Operations and Integration,G2
2021,doc_AY2021_175_para_2709_18978.txt,2,134,"Strategic Command, Technology, and Multi-Domain Warfare",Headquarters Operations and Integration,G2
2021,doc_AY2021_175_para_2709_18979.txt,7,147,"Strategic Command, Technology, and Multi-Domain Warfare",Multi-Domain Operations Concepts,G2
2021,doc_AY2021_175_para_2709_18980.txt,2,162,"Strategic Command, Technology, and Multi-Domain Warfare",Headquarters Operations and Integration,G2
2021,doc_AY2021_178_para_2711_18991.txt,11,112,"Strategic Command, Technology, and Multi-Domain Warfare",Domain Warfare and Artillery Operations,G2
2021,doc_AY2021_178_para_2711_18992.txt,11,101,"Strategic Command, Technology, and Multi-Domain Warfare",Domain Warfare and Artillery Operations,G2
2021,doc_AY2021_178_para_2711_18996.txt,1,166,"Strategic Command, Technology, and Multi-Domain Warfare",Unmanned Aerial Systems and Aviation Tech,G2
2021,doc_AY2021_178_para_2711_19000.txt,7,119,"Strategic Command, Technology, and Multi-Domain Warfare",Multi-Domain Operations Concepts,G2
2021,doc_AY2021_179_para_2712_19005.txt,2,144,"Strategic Command, Technology, and Multi-Domain Warfare",Headquarters Operations and Integration,G2
2021,doc_AY2021_181_para_2714_19018.txt,10,182,Operational Readiness and Reserve Mobilization,Army Reserve and Active Component Integration,G1
2021,doc_AY2021_183_para_2716_19034.txt,1,119,"Strategic Command, Technology, and Multi-Domain Warfare",Unmanned Aerial Systems and Aviation Tech,G2
2021,doc_AY2021_188_para_2721_19073.txt,19,143,Operational Readiness and Reserve Mobilization,Sustainment and Modernization Efforts,G1
2021,doc_AY2021_188_para_2721_19075.txt,2,207,"Strategic Command, Technology, and Multi-Domain Warfare",Headquarters Operations and Integration,G2
2022,doc_AY2022_003_para_2724_19088.txt,1,66,"Strategic Command, Technology, and Multi-Domain Warfare",Unmanned Aerial Systems and Aviation Tech,G2
2022,doc_AY2022_003_para_2724_19089.txt,1,115,"Strategic Command, Technology, and Multi-Domain Warfare",Unmanned Aerial Systems and Aviation Tech,G2
2022,doc_AY2022_003_para_2724_19090.txt,2,145,"Strategic Command, Technology, and Multi-Domain Warfare",Headquarters Operations and Integration,G2
2022,doc_AY2022_003_para_2724_19091.txt,1,138,"Strategic Command, Technology, and Multi-Domain Warfare",Unmanned Aerial Systems and Aviation Tech,G2
2022,doc_AY2022_003_para_2724_19093.txt,1,118,"Strategic Command, Technology, and Multi-Domain Warfare",Unmanned Aerial Systems and Aviation Tech,G2
2022,doc_AY2022_003_para_2724_19095.txt,1,84,"Strategic Command, Technology, and Multi-Domain Warfare",Unmanned Aerial Systems and Aviation Tech,G2
2022,doc_AY2022_010_para_2731_19144.txt,1,134,"Strategic Command, Technology, and Multi-Domain Warfare",Unmanned Aerial Systems and Aviation Tech,G2
2022,doc_AY2022_010_para_2731_19145.txt,1,113,"Strategic Command, Technology, and Multi-Domain Warfare",Unmanned Aerial Systems and Aviation Tech,G2
2022,doc_AY2022_010_para_2731_19148.txt,1,101,"Strategic Command, Technology, and Multi-Domain Warfare",Unmanned Aerial Systems and Aviation Tech,G2
2022,doc_AY2022_010_para_2731_19149.txt,1,99,"Strategic Command, Technology, and Multi-Domain Warfare",Unmanned Aerial Systems and Aviation Tech,G2
2022,doc_AY2022_010_para_2731_19150.txt,1,76,"Strategic Command, Technology, and Multi-Domain Warfare",Unmanned Aerial Systems and Aviation Tech,G2
2022,doc_AY2022_010_para_2731_19151.txt,1,126,"Strategic Command, Technology, and Multi-Domain Warfare",Unmanned Aerial Systems and Aviation Tech,G2
2022,doc_AY2022_010_para_2731_19152.txt,1,73,"Strategic Command, Technology, and Multi-Domain Warfare",Unmanned Aerial Systems and Aviation Tech,G2
2022,doc_AY2022_010_para_2731_19153.txt,1,122,"Strategic Command, Technology, and Multi-Domain Warfare",Unmanned Aerial Systems and Aviation Tech,G2
2022,doc_AY2022_012_para_2733_19163.txt,15,242,"Strategic Command, Technology, and Multi-Domain Warfare",Artillery and Missile Capability Integration,G2
2022,doc_AY2022_013_para_2734_19167.txt,16,139,Operational Readiness and Reserve Mobilization,Annual Training Requirements for Reserves,G1
2022,doc_AY2022_013_para_2734_19168.txt,6,124,Operational Readiness and Reserve Mobilization,Unit Training and Readiness Cycle,G1
2022,doc_AY2022_013_para_2734_19169.txt,18,93,Operational Readiness and Reserve Mobilization,Reserve Support and Mobilization Duties,G1
2022,doc_AY2022_013_para_2734_19170.txt,20,128,Operational Readiness and Reserve Mobilization,Equipment Maintenance and Deployment Support,G1
2022,doc_AY2022_013_para_2734_19171.txt,6,121,Operational Readiness and Reserve Mobilization,Unit Training and Readiness Cycle,G1
2022,doc_AY2022_013_para_2734_19172.txt,16,147,Operational Readiness and Reserve Mobilization,Annual Training Requirements for Reserves,G1
2022,doc_AY2022_013_para_2734_19174.txt,14,120,Operational Readiness and Reserve Mobilization,Operational Reserve Training and Mobilization,G1
2022,doc_AY2022_021_para_2742_19228.txt,3,137,Operational Readiness and Reserve Mobilization,National Guard and Reserve Components,G1
2022,doc_AY2022_028_para_2749_19264.txt,3,320,Operational Readiness and Reserve Mobilization,National Guard and Reserve Components,G1
2022,doc_AY2022_049_para_2764_19363.txt,7,99,"Strategic Command, Technology, and Multi-Domain Warfare",Multi-Domain Operations Concepts,G2
2022,doc_AY2022_059_para_2773_19425.txt,11,153,"Strategic Command, Technology, and Multi-Domain Warfare",Domain Warfare and Artillery Operations,G2
2022,doc_AY2022_064_para_2777_19454.txt,13,203,Operational Readiness and Reserve Mobilization,Brigade Combat Team Readiness,G1
2022,doc_AY2022_072_para_2785_19505.txt,19,180,Operational Readiness and Reserve Mobilization,Sustainment and Modernization Efforts,G1
2022,doc_AY2022_081_para_2792_19552.txt,0,92,"Strategic Command, Technology, and Multi-Domain Warfare",Command Philosophy and Leadership Doctrine,G2
2022,doc_AY2022_087_para_2798_19581.txt,0,153,"Strategic Command, Technology, and Multi-Domain Warfare",Command Philosophy and Leadership Doctrine,G2
2022,doc_AY2022_091_para_2802_19612.txt,0,101,"Strategic Command, Technology, and Multi-Domain Warfare",Command Philosophy and Leadership Doctrine,G2
2022,doc_AY2022_101_para_2812_19675.txt,7,99,"Strategic Command, Technology, and Multi-Domain Warfare",Multi-Domain Operations Concepts,G2
2022,doc_AY2022_101_para_2812_19676.txt,7,144,"Strategic Command, Technology, and Multi-Domain Warfare",Multi-Domain Operations Concepts,G2
2022,doc_AY2022_101_para_2812_19681.txt,7,166,"Strategic Command, Technology, and Multi-Domain Warfare",Multi-Domain Operations Concepts,G2
2022,doc_AY2022_101_para_2812_19682.txt,7,134,"Strategic Command, Technology, and Multi-Domain Warfare",Multi-Domain Operations Concepts,G2
2022,doc_AY2022_102_para_2813_19688.txt,17,173,"Strategic Command, Technology, and Multi-Domain Warfare",Security Force Assistance Brigades,G2
2022,doc_AY2022_102_para_2813_19689.txt,17,109,"Strategic Command, Technology, and Multi-Domain Warfare",Security Force Assistance Brigades,G2
2022,doc_AY2022_105_para_2816_19704.txt,14,125,Operational Readiness and Reserve Mobilization,Operational Reserve Training and Mobilization,G1
2022,doc_AY2022_105_para_2816_19705.txt,10,107,Operational Readiness and Reserve Mobilization,Army Reserve and Active Component Integration,G1
2022,doc_AY2022_105_para_2816_19706.txt,10,86,Operational Readiness and Reserve Mobilization,Army Reserve and Active Component Integration,G1
2022,doc_AY2022_105_para_2816_19707.txt,12,226,Operational Readiness and Reserve Mobilization,Leadership Development and Combat Planning,G1
2022,doc_AY2022_122_para_2831_19800.txt,11,119,"Strategic Command, Technology, and Multi-Domain Warfare",Domain Warfare and Artillery Operations,G2
2022,doc_AY2022_122_para_2831_19801.txt,7,138,"Strategic Command, Technology, and Multi-Domain Warfare",Multi-Domain Operations Concepts,G2
2022,doc_AY2022_122_para_2831_19806.txt,2,108,"Strategic Command, Technology, and Multi-Domain Warfare",Headquarters Operations and Integration,G2
2022,doc_AY2022_123_para_2832_19809.txt,1,182,"Strategic Command, Technology, and Multi-Domain Warfare",Unmanned Aerial Systems and Aviation Tech,G2
2022,doc_AY2022_123_para_2832_19810.txt,1,189,"Strategic Command, Technology, and Multi-Domain Warfare",Unmanned Aerial Systems and Aviation Tech,G2
2022,doc_AY2022_125_para_2834_19825.txt,8,125,"Strategic Command, Technology, and Multi-Domain Warfare",Additive Manufacturing Technologies,G2
2022,doc_AY2022_129_para_2838_19851.txt,0,127,"Strategic Command, Technology, and Multi-Domain Warfare",Command Philosophy and Leadership Doctrine,G2
2022,doc_AY2022_129_para_2838_19852.txt,0,135,"Strategic Command, Technology, and Multi-Domain Warfare",Command Philosophy and Leadership Doctrine,G2
2022,doc_AY2022_129_para_2838_19855.txt,7,179,"Strategic Command, Technology, and Multi-Domain Warfare",Multi-Domain Operations Concepts,G2
2022,doc_AY2022_129_para_2838_19856.txt,0,73,"Strategic Command, Technology, and Multi-Domain Warfare",Command Philosophy and Leadership Doctrine,G2
2022,doc_AY2022_131_para_2840_19866.txt,9,131,Operational Readiness and Reserve Mobilization,Mobilization Processes for Reserves,G1
2022,doc_AY2022_131_para_2840_19867.txt,9,101,Operational Readiness and Reserve Mobilization,Mobilization Processes for Reserves,G1
2022,doc_AY2022_131_para_2840_19868.txt,9,188,Operational Readiness and Reserve Mobilization,Mobilization Processes for Reserves,G1
2022,doc_AY2022_131_para_2840_19869.txt,9,160,Operational Readiness and Reserve Mobilization,Mobilization Processes for Reserves,G1
2022,doc_AY2022_133_para_2842_19879.txt,1,162,"Strategic Command, Technology, and Multi-Domain Warfare",Unmanned Aerial Systems and Aviation Tech,G2
2022,doc_AY2022_133_para_2842_19880.txt,11,111,"Strategic Command, Technology, and Multi-Domain Warfare",Domain Warfare and Artillery Operations,G2
2022,doc_AY2022_134_para_2843_19883.txt,11,175,"Strategic Command, Technology, and Multi-Domain Warfare",Domain Warfare and Artillery Operations,G2
2022,doc_AY2022_136_para_2845_19896.txt,11,151,"Strategic Command, Technology, and Multi-Domain Warfare",Domain Warfare and Artillery Operations,G2
2022,doc_AY2022_136_para_2845_19898.txt,7,323,"Strategic Command, Technology, and Multi-Domain Warfare",Multi-Domain Operations Concepts,G2
2022,doc_AY2022_136_para_2845_19899.txt,7,140,"Strategic Command, Technology, and Multi-Domain Warfare",Multi-Domain Operations Concepts,G2
2022,doc_AY2022_136_para_2845_19900.txt,7,197,"Strategic Command, Technology, and Multi-Domain Warfare",Multi-Domain Operations Concepts,G2
2022,doc_AY2022_136_para_2845_19901.txt,7,154,"Strategic Command, Technology, and Multi-Domain Warfare",Multi-Domain Operations Concepts,G2
2022,doc_AY2022_137_para_2846_19902.txt,11,101,"Strategic Command, Technology, and Multi-Domain Warfare",Domain Warfare and Artillery Operations,G2
2022,doc_AY2022_137_para_2846_19903.txt,19,238,Operational Readiness and Reserve Mobilization,Sustainment and Modernization Efforts,G1
2022,doc_AY2022_137_para_2846_19904.txt,13,107,Operational Readiness and Reserve Mobilization,Brigade Combat Team Readiness,G1
2022,doc_AY2022_144_para_2853_19963.txt,1,62,"Strategic Command, Technology, and Multi-Domain Warfare",Unmanned Aerial Systems and Aviation Tech,G2
2022,doc_AY2022_158_para_2864_20034.txt,2,120,"Strategic Command, Technology, and Multi-Domain Warfare",Headquarters Operations and Integration,G2
2022,doc_AY2022_181_para_2886_20199.txt,13,140,Operational Readiness and Reserve Mobilization,Brigade Combat Team Readiness,G1
2022,doc_AY2022_184_para_2889_20214.txt,0,141,"Strategic Command, Technology, and Multi-Domain Warfare",Command Philosophy and Leadership Doctrine,G2
2022,doc_AY2022_184_para_2889_20215.txt,0,99,"Strategic Command, Technology, and Multi-Domain Warfare",Command Philosophy and Leadership Doctrine,G2
2022,doc_AY2022_188_para_2893_20249.txt,0,57,"Strategic Command, Technology, and Multi-Domain Warfare",Command Philosophy and Leadership Doctrine,G2
2022,doc_AY2022_191_para_2896_20271.txt,0,186,"Strategic Command, Technology, and Multi-Domain Warfare",Command Philosophy and Leadership Doctrine,G2
2022,doc_AY2022_199_para_2901_20294.txt,13,112,Operational Readiness and Reserve Mobilization,Brigade Combat Team Readiness,G1
2022,doc_AY2022_206_para_2908_20341.txt,5,130,"Strategic Command, Technology, and Multi-Domain Warfare",Defense Logistics and Enterprise Management,G2
2022,doc_AY2022_206_para_2908_20342.txt,5,121,"Strategic Command, Technology, and Multi-Domain Warfare",Defense Logistics and Enterprise Management,G2
2022,doc_AY2022_206_para_2908_20343.txt,5,86,"Strategic Command, Technology, and Multi-Domain Warfare",Defense Logistics and Enterprise Management,G2
2022,doc_AY2022_218_para_2919_20414.txt,7,154,"Strategic Command, Technology, and Multi-Domain Warfare",Multi-Domain Operations Concepts,G2
2022,doc_AY2022_218_para_2919_20417.txt,7,124,"Strategic Command, Technology, and Multi-Domain Warfare",Multi-Domain Operations Concepts,G2
2022,doc_AY2022_219_para_2920_20420.txt,11,178,"Strategic Command, Technology, and Multi-Domain Warfare",Domain Warfare and Artillery Operations,G2
2022,doc_AY2022_219_para_2920_20422.txt,7,153,"Strategic Command, Technology, and Multi-Domain Warfare",Multi-Domain Operations Concepts,G2
2022,doc_AY2022_219_para_2920_20423.txt,11,116,"Strategic Command, Technology, and Multi-Domain Warfare",Domain Warfare and Artillery Operations,G2
2022,doc_AY2022_219_para_2920_20424.txt,7,85,"Strategic Command, Technology, and Multi-Domain Warfare",Multi-Domain Operations Concepts,G2
2022,doc_AY2022_219_para_2920_20425.txt,19,88,Operational Readiness and Reserve Mobilization,Sustainment and Modernization Efforts,G1
2022,doc_AY2022_233_para_2932_20505.txt,3,128,Operational Readiness and Reserve Mobilization,National Guard and Reserve Components,G1
2022,doc_AY2022_233_para_2932_20507.txt,3,284,Operational Readiness and Reserve Mobilization,National Guard and Reserve Components,G1
2022,doc_AY2022_233_para_2932_20509.txt,3,169,Operational Readiness and Reserve Mobilization,National Guard and Reserve Components,G1
2022,doc_AY2022_235_para_2934_20518.txt,13,113,Operational Readiness and Reserve Mobilization,Brigade Combat Team Readiness,G1
2022,doc_AY2022_238_para_2937_20536.txt,9,107,Operational Readiness and Reserve Mobilization,Mobilization Processes for Reserves,G1
2022,doc_AY2022_238_para_2937_20537.txt,9,80,Operational Readiness and Reserve Mobilization,Mobilization Processes for Reserves,G1
2022,doc_AY2022_238_para_2937_20538.txt,9,116,Operational Readiness and Reserve Mobilization,Mobilization Processes for Reserves,G1
2022,doc_AY2022_238_para_2937_20539.txt,9,118,Operational Readiness and Reserve Mobilization,Mobilization Processes for Reserves,G1
2022,doc_AY2022_238_para_2937_20540.txt,0,41,"Strategic Command, Technology, and Multi-Domain Warfare",Command Philosophy and Leadership Doctrine,G2
2022,doc_AY2022_238_para_2937_20541.txt,9,81,Operational Readiness and Reserve Mobilization,Mobilization Processes for Reserves,G1
2022,doc_AY2022_238_para_2937_20542.txt,9,99,Operational Readiness and Reserve Mobilization,Mobilization Processes for Reserves,G1
2022,doc_AY2022_238_para_2937_20543.txt,9,108,Operational Readiness and Reserve Mobilization,Mobilization Processes for Reserves,G1
2022,doc_AY2022_240_para_2939_20550.txt,1,199,"Strategic Command, Technology, and Multi-Domain Warfare",Unmanned Aerial Systems and Aviation Tech,G2
2022,doc_AY2022_240_para_2939_20551.txt,1,171,"Strategic Command, Technology, and Multi-Domain Warfare",Unmanned Aerial Systems and Aviation Tech,G2
2022,doc_AY2022_240_para_2939_20552.txt,1,123,"Strategic Command, Technology, and Multi-Domain Warfare",Unmanned Aerial Systems and Aviation Tech,G2
2022,doc_AY2022_248_para_2947_20605.txt,2,116,"Strategic Command, Technology, and Multi-Domain Warfare",Headquarters Operations and Integration,G2
2023,doc_AY2023_005_para_2953_20649.txt,5,188,"Strategic Command, Technology, and Multi-Domain Warfare",Defense Logistics and Enterprise Management,G2
2023,doc_AY2023_013_para_2961_20707.txt,1,98,"Strategic Command, Technology, and Multi-Domain Warfare",Unmanned Aerial Systems and Aviation Tech,G2
2023,doc_AY2023_019_para_2967_20733.txt,18,113,Operational Readiness and Reserve Mobilization,Reserve Support and Mobilization Duties,G1
2023,doc_AY2023_019_para_2967_20734.txt,18,144,Operational Readiness and Reserve Mobilization,Reserve Support and Mobilization Duties,G1
2023,doc_AY2023_019_para_2967_20735.txt,18,123,Operational Readiness and Reserve Mobilization,Reserve Support and Mobilization Duties,G1
2023,doc_AY2023_020_para_2968_20740.txt,14,112,Operational Readiness and Reserve Mobilization,Operational Reserve Training and Mobilization,G1
2023,doc_AY2023_020_para_2968_20741.txt,19,177,Operational Readiness and Reserve Mobilization,Sustainment and Modernization Efforts,G1
2023,doc_AY2023_020_para_2968_20742.txt,3,130,Operational Readiness and Reserve Mobilization,National Guard and Reserve Components,G1
2023,doc_AY2023_020_para_2968_20743.txt,9,159,Operational Readiness and Reserve Mobilization,Mobilization Processes for Reserves,G1
2023,doc_AY2023_020_para_2968_20744.txt,14,151,Operational Readiness and Reserve Mobilization,Operational Reserve Training and Mobilization,G1
2023,doc_AY2023_020_para_2968_20745.txt,3,130,Operational Readiness and Reserve Mobilization,National Guard and Reserve Components,G1
2023,doc_AY2023_020_para_2968_20746.txt,13,76,Operational Readiness and Reserve Mobilization,Brigade Combat Team Readiness,G1
2023,doc_AY2023_022_para_2970_20757.txt,17,35,"Strategic Command, Technology, and Multi-Domain Warfare",Security Force Assistance Brigades,G2
2023,doc_AY2023_026_para_2974_20780.txt,0,145,"Strategic Command, Technology, and Multi-Domain Warfare",Command Philosophy and Leadership Doctrine,G2
2023,doc_AY2023_026_para_2974_20781.txt,1,173,"Strategic Command, Technology, and Multi-Domain Warfare",Unmanned Aerial Systems and Aviation Tech,G2
2023,doc_AY2023_026_para_2974_20782.txt,0,174,"Strategic Command, Technology, and Multi-Domain Warfare",Command Philosophy and Leadership Doctrine,G2
2023,doc_AY2023_026_para_2974_20785.txt,0,143,"Strategic Command, Technology, and Multi-Domain Warfare",Command Philosophy and Leadership Doctrine,G2
2023,doc_AY2023_030_para_2978_20813.txt,18,72,Operational Readiness and Reserve Mobilization,Reserve Support and Mobilization Duties,G1
2023,doc_AY2023_038_para_2986_20875.txt,2,87,"Strategic Command, Technology, and Multi-Domain Warfare",Headquarters Operations and Integration,G2
2023,doc_AY2023_040_para_2988_20891.txt,20,141,Operational Readiness and Reserve Mobilization,Equipment Maintenance and Deployment Support,G1
2023,doc_AY2023_040_para_2988_20892.txt,1,230,"Strategic Command, Technology, and Multi-Domain Warfare",Unmanned Aerial Systems and Aviation Tech,G2
2023,doc_AY2023_045_para_2993_20926.txt,1,98,"Strategic Command, Technology, and Multi-Domain Warfare",Unmanned Aerial Systems and Aviation Tech,G2
2023,doc_AY2023_045_para_2993_20929.txt,11,96,"Strategic Command, Technology, and Multi-Domain Warfare",Domain Warfare and Artillery Operations,G2
2023,doc_AY2023_050_para_2998_20969.txt,11,94,"Strategic Command, Technology, and Multi-Domain Warfare",Domain Warfare and Artillery Operations,G2
2023,doc_AY2023_050_para_2998_20970.txt,15,107,"Strategic Command, Technology, and Multi-Domain Warfare",Artillery and Missile Capability Integration,G2
2023,doc_AY2023_050_para_2998_20971.txt,15,150,"Strategic Command, Technology, and Multi-Domain Warfare",Artillery and Missile Capability Integration,G2
2023,doc_AY2023_050_para_2998_20972.txt,15,175,"Strategic Command, Technology, and Multi-Domain Warfare",Artillery and Missile Capability Integration,G2
2023,doc_AY2023_056_para_3004_21002.txt,11,138,"Strategic Command, Technology, and Multi-Domain Warfare",Domain Warfare and Artillery Operations,G2
2023,doc_AY2023_056_para_3004_21003.txt,20,182,Operational Readiness and Reserve Mobilization,Equipment Maintenance and Deployment Support,G1
2023,doc_AY2023_056_para_3004_21004.txt,20,183,Operational Readiness and Reserve Mobilization,Equipment Maintenance and Deployment Support,G1
2023,doc_AY2023_056_para_3004_21005.txt,9,145,Operational Readiness and Reserve Mobilization,Mobilization Processes for Reserves,G1
2023,doc_AY2023_056_para_3004_21006.txt,20,149,Operational Readiness and Reserve Mobilization,Equipment Maintenance and Deployment Support,G1
2023,doc_AY2023_058_para_3006_21015.txt,6,94,Operational Readiness and Reserve Mobilization,Unit Training and Readiness Cycle,G1
2023,doc_AY2023_058_para_3006_21017.txt,6,196,Operational Readiness and Reserve Mobilization,Unit Training and Readiness Cycle,G1
2023,doc_AY2023_058_para_3006_21018.txt,20,110,Operational Readiness and Reserve Mobilization,Equipment Maintenance and Deployment Support,G1
2023,doc_AY2023_058_para_3006_21019.txt,-1,109,Outlier,Outliers,G0
2023,doc_AY2023_058_para_3006_21020.txt,19,127,Operational Readiness and Reserve Mobilization,Sustainment and Modernization Efforts,G1
2023,doc_AY2023_058_para_3006_21021.txt,6,39,Operational Readiness and Reserve Mobilization,Unit Training and Readiness Cycle,G1
2023,doc_AY2023_068_para_3016_21095.txt,13,123,Operational Readiness and Reserve Mobilization,Brigade Combat Team Readiness,G1
2023,doc_AY2023_087_para_3035_21230.txt,6,156,Operational Readiness and Reserve Mobilization,Unit Training and Readiness Cycle,G1
2023,doc_AY2023_089_para_3037_21245.txt,1,153,"Strategic Command, Technology, and Multi-Domain Warfare",Unmanned Aerial Systems and Aviation Tech,G2
2023,doc_AY2023_093_para_3041_21268.txt,9,119,Operational Readiness and Reserve Mobilization,Mobilization Processes for Reserves,G1
2023,doc_AY2023_093_para_3041_21270.txt,18,189,Operational Readiness and Reserve Mobilization,Reserve Support and Mobilization Duties,G1
2023,doc_AY2023_093_para_3041_21271.txt,18,159,Operational Readiness and Reserve Mobilization,Reserve Support and Mobilization Duties,G1
2023,doc_AY2023_093_para_3041_21272.txt,9,115,Operational Readiness and Reserve Mobilization,Mobilization Processes for Reserves,G1
2023,doc_AY2023_093_para_3041_21273.txt,9,120,Operational Readiness and Reserve Mobilization,Mobilization Processes for Reserves,G1
2023,doc_AY2023_093_para_3041_21274.txt,9,115,Operational Readiness and Reserve Mobilization,Mobilization Processes for Reserves,G1
2023,doc_AY2023_093_para_3041_21275.txt,9,167,Operational Readiness and Reserve Mobilization,Mobilization Processes for Reserves,G1
2023,doc_AY2023_093_para_3041_21276.txt,9,117,Operational Readiness and Reserve Mobilization,Mobilization Processes for Reserves,G1
2023,doc_AY2023_093_para_3041_21277.txt,9,159,Operational Readiness and Reserve Mobilization,Mobilization Processes for Reserves,G1
2023,doc_AY2023_093_para_3041_21278.txt,20,97,Operational Readiness and Reserve Mobilization,Equipment Maintenance and Deployment Support,G1
2023,doc_AY2023_093_para_3041_21279.txt,9,214,Operational Readiness and Reserve Mobilization,Mobilization Processes for Reserves,G1
2023,doc_AY2023_093_para_3041_21282.txt,9,208,Operational Readiness and Reserve Mobilization,Mobilization Processes for Reserves,G1
2023,doc_AY2023_094_para_3042_21283.txt,9,123,Operational Readiness and Reserve Mobilization,Mobilization Processes for Reserves,G1
2023,doc_AY2023_094_para_3042_21285.txt,18,163,Operational Readiness and Reserve Mobilization,Reserve Support and Mobilization Duties,G1
2023,doc_AY2023_094_para_3042_21287.txt,9,145,Operational Readiness and Reserve Mobilization,Mobilization Processes for Reserves,G1
2023,doc_AY2023_094_para_3042_21288.txt,9,150,Operational Readiness and Reserve Mobilization,Mobilization Processes for Reserves,G1
2023,doc_AY2023_094_para_3042_21289.txt,9,96,Operational Readiness and Reserve Mobilization,Mobilization Processes for Reserves,G1
2023,doc_AY2023_094_para_3042_21290.txt,9,144,Operational Readiness and Reserve Mobilization,Mobilization Processes for Reserves,G1
2023,doc_AY2023_094_para_3042_21292.txt,9,115,Operational Readiness and Reserve Mobilization,Mobilization Processes for Reserves,G1
2023,doc_AY2023_094_para_3042_21293.txt,9,162,Operational Readiness and Reserve Mobilization,Mobilization Processes for Reserves,G1
2023,doc_AY2023_094_para_3042_21294.txt,6,114,Operational Readiness and Reserve Mobilization,Unit Training and Readiness Cycle,G1
2023,doc_AY2023_094_para_3042_21296.txt,9,139,Operational Readiness and Reserve Mobilization,Mobilization Processes for Reserves,G1
2023,doc_AY2023_094_para_3042_21297.txt,2,49,"Strategic Command, Technology, and Multi-Domain Warfare",Headquarters Operations and Integration,G2
2023,doc_AY2023_098_para_3046_21316.txt,19,268,Operational Readiness and Reserve Mobilization,Sustainment and Modernization Efforts,G1
2023,doc_AY2023_098_para_3046_21317.txt,19,258,Operational Readiness and Reserve Mobilization,Sustainment and Modernization Efforts,G1
2023,doc_AY2023_098_para_3046_21318.txt,10,273,Operational Readiness and Reserve Mobilization,Army Reserve and Active Component Integration,G1
2023,doc_AY2023_108_para_3056_21377.txt,4,131,"Strategic Command, Technology, and Multi-Domain Warfare",Regional Alignment and Funding Support,G2
2023,doc_AY2023_109_para_3057_21380.txt,19,163,Operational Readiness and Reserve Mobilization,Sustainment and Modernization Efforts,G1
2023,doc_AY2023_120_para_3068_21445.txt,1,139,"Strategic Command, Technology, and Multi-Domain Warfare",Unmanned Aerial Systems and Aviation Tech,G2
2023,doc_AY2023_130_para_3078_21516.txt,11,97,"Strategic Command, Technology, and Multi-Domain Warfare",Domain Warfare and Artillery Operations,G2
2023,doc_AY2023_137_para_3084_21547.txt,8,124,"Strategic Command, Technology, and Multi-Domain Warfare",Additive Manufacturing Technologies,G2
2023,doc_AY2023_137_para_3084_21548.txt,8,108,"Strategic Command, Technology, and Multi-Domain Warfare",Additive Manufacturing Technologies,G2
2023,doc_AY2023_137_para_3084_21549.txt,5,102,"Strategic Command, Technology, and Multi-Domain Warfare",Defense Logistics and Enterprise Management,G2
2023,doc_AY2023_138_para_3085_21552.txt,15,202,"Strategic Command, Technology, and Multi-Domain Warfare",Artillery and Missile Capability Integration,G2
2023,doc_AY2023_138_para_3085_21555.txt,2,140,"Strategic Command, Technology, and Multi-Domain Warfare",Headquarters Operations and Integration,G2
2023,doc_AY2023_138_para_3085_21556.txt,15,139,"Strategic Command, Technology, and Multi-Domain Warfare",Artillery and Missile Capability Integration,G2
2023,doc_AY2023_138_para_3085_21557.txt,2,225,"Strategic Command, Technology, and Multi-Domain Warfare",Headquarters Operations and Integration,G2
2023,doc_AY2023_138_para_3085_21558.txt,15,130,"Strategic Command, Technology, and Multi-Domain Warfare",Artillery and Missile Capability Integration,G2
2023,doc_AY2023_138_para_3085_21559.txt,15,125,"Strategic Command, Technology, and Multi-Domain Warfare",Artillery and Missile Capability Integration,G2
2023,doc_AY2023_138_para_3085_21560.txt,15,162,"Strategic Command, Technology, and Multi-Domain Warfare",Artillery and Missile Capability Integration,G2
2023,doc_AY2023_138_para_3085_21561.txt,15,52,"Strategic Command, Technology, and Multi-Domain Warfare",Artillery and Missile Capability Integration,G2
2023,doc_AY2023_142_para_3089_21600.txt,1,294,"Strategic Command, Technology, and Multi-Domain Warfare",Unmanned Aerial Systems and Aviation Tech,G2
2023,doc_AY2023_146_para_3093_21632.txt,0,138,"Strategic Command, Technology, and Multi-Domain Warfare",Command Philosophy and Leadership Doctrine,G2
2023,doc_AY2023_146_para_3093_21633.txt,0,98,"Strategic Command, Technology, and Multi-Domain Warfare",Command Philosophy and Leadership Doctrine,G2
2023,doc_AY2023_146_para_3093_21634.txt,0,147,"Strategic Command, Technology, and Multi-Domain Warfare",Command Philosophy and Leadership Doctrine,G2
2023,doc_AY2023_146_para_3093_21635.txt,0,153,"Strategic Command, Technology, and Multi-Domain Warfare",Command Philosophy and Leadership Doctrine,G2
2023,doc_AY2023_149_para_3096_21649.txt,9,119,Operational Readiness and Reserve Mobilization,Mobilization Processes for Reserves,G1
2023,doc_AY2023_149_para_3096_21651.txt,18,189,Operational Readiness and Reserve Mobilization,Reserve Support and Mobilization Duties,G1
2023,doc_AY2023_149_para_3096_21652.txt,18,159,Operational Readiness and Reserve Mobilization,Reserve Support and Mobilization Duties,G1
2023,doc_AY2023_149_para_3096_21653.txt,9,115,Operational Readiness and Reserve Mobilization,Mobilization Processes for Reserves,G1
2023,doc_AY2023_149_para_3096_21654.txt,9,120,Operational Readiness and Reserve Mobilization,Mobilization Processes for Reserves,G1
2023,doc_AY2023_149_para_3096_21655.txt,9,115,Operational Readiness and Reserve Mobilization,Mobilization Processes for Reserves,G1
2023,doc_AY2023_149_para_3096_21656.txt,9,167,Operational Readiness and Reserve Mobilization,Mobilization Processes for Reserves,G1
2023,doc_AY2023_149_para_3096_21657.txt,9,117,Operational Readiness and Reserve Mobilization,Mobilization Processes for Reserves,G1
2023,doc_AY2023_149_para_3096_21658.txt,9,159,Operational Readiness and Reserve Mobilization,Mobilization Processes for Reserves,G1
2023,doc_AY2023_149_para_3096_21659.txt,20,97,Operational Readiness and Reserve Mobilization,Equipment Maintenance and Deployment Support,G1
2023,doc_AY2023_149_para_3096_21660.txt,9,214,Operational Readiness and Reserve Mobilization,Mobilization Processes for Reserves,G1
2023,doc_AY2023_149_para_3096_21663.txt,9,208,Operational Readiness and Reserve Mobilization,Mobilization Processes for Reserves,G1
2023,doc_AY2023_154_para_3101_21692.txt,19,305,Operational Readiness and Reserve Mobilization,Sustainment and Modernization Efforts,G1
2023,doc_AY2023_154_para_3101_21694.txt,1,236,"Strategic Command, Technology, and Multi-Domain Warfare",Unmanned Aerial Systems and Aviation Tech,G2
2023,doc_AY2023_157_para_3104_21722.txt,11,138,"Strategic Command, Technology, and Multi-Domain Warfare",Domain Warfare and Artillery Operations,G2
2023,doc_AY2023_157_para_3104_21727.txt,7,189,"Strategic Command, Technology, and Multi-Domain Warfare",Multi-Domain Operations Concepts,G2
2023,doc_AY2023_159_para_3106_21739.txt,1,173,"Strategic Command, Technology, and Multi-Domain Warfare",Unmanned Aerial Systems and Aviation Tech,G2
2023,doc_AY2023_159_para_3106_21740.txt,1,173,"Strategic Command, Technology, and Multi-Domain Warfare",Unmanned Aerial Systems and Aviation Tech,G2
2023,doc_AY2023_165_para_3111_21769.txt,1,173,"Strategic Command, Technology, and Multi-Domain Warfare",Unmanned Aerial Systems and Aviation Tech,G2
2023,doc_AY2023_165_para_3111_21770.txt,8,143,"Strategic Command, Technology, and Multi-Domain Warfare",Additive Manufacturing Technologies,G2
2023,doc_AY2023_165_para_3111_21771.txt,1,172,"Strategic Command, Technology, and Multi-Domain Warfare",Unmanned Aerial Systems and Aviation Tech,G2
2023,doc_AY2023_165_para_3111_21772.txt,20,118,Operational Readiness and Reserve Mobilization,Equipment Maintenance and Deployment Support,G1
2023,doc_AY2023_165_para_3111_21773.txt,1,99,"Strategic Command, Technology, and Multi-Domain Warfare",Unmanned Aerial Systems and Aviation Tech,G2
2023,doc_AY2023_165_para_3111_21774.txt,20,133,Operational Readiness and Reserve Mobilization,Equipment Maintenance and Deployment Support,G1
2023,doc_AY2023_165_para_3111_21775.txt,20,137,Operational Readiness and Reserve Mobilization,Equipment Maintenance and Deployment Support,G1
2023,doc_AY2023_168_para_3114_21793.txt,5,115,"Strategic Command, Technology, and Multi-Domain Warfare",Defense Logistics and Enterprise Management,G2
2023,doc_AY2023_172_para_3118_21819.txt,0,127,"Strategic Command, Technology, and Multi-Domain Warfare",Command Philosophy and Leadership Doctrine,G2
2023,doc_AY2023_175_para_3120_21832.txt,1,136,"Strategic Command, Technology, and Multi-Domain Warfare",Unmanned Aerial Systems and Aviation Tech,G2
2023,doc_AY2023_175_para_3120_21833.txt,1,169,"Strategic Command, Technology, and Multi-Domain Warfare",Unmanned Aerial Systems and Aviation Tech,G2
2023,doc_AY2023_175_para_3120_21834.txt,1,92,"Strategic Command, Technology, and Multi-Domain Warfare",Unmanned Aerial Systems and Aviation Tech,G2
2023,doc_AY2023_175_para_3120_21835.txt,1,119,"Strategic Command, Technology, and Multi-Domain Warfare",Unmanned Aerial Systems and Aviation Tech,G2
2023,doc_AY2023_175_para_3120_21836.txt,1,114,"Strategic Command, Technology, and Multi-Domain Warfare",Unmanned Aerial Systems and Aviation Tech,G2
2023,doc_AY2023_175_para_3120_21837.txt,1,108,"Strategic Command, Technology, and Multi-Domain Warfare",Unmanned Aerial Systems and Aviation Tech,G2
2023,doc_AY2023_177_para_3122_21855.txt,1,323,"Strategic Command, Technology, and Multi-Domain Warfare",Unmanned Aerial Systems and Aviation Tech,G2
2023,doc_AY2023_180_para_3125_21874.txt,5,168,"Strategic Command, Technology, and Multi-Domain Warfare",Defense Logistics and Enterprise Management,G2
2023,doc_AY2023_180_para_3125_21876.txt,2,139,"Strategic Command, Technology, and Multi-Domain Warfare",Headquarters Operations and Integration,G2
2023,doc_AY2023_180_para_3125_21877.txt,2,111,"Strategic Command, Technology, and Multi-Domain Warfare",Headquarters Operations and Integration,G2
2023,doc_AY2023_182_para_3127_21888.txt,1,159,"Strategic Command, Technology, and Multi-Domain Warfare",Unmanned Aerial Systems and Aviation Tech,G2
2023,doc_AY2023_185_para_3129_21898.txt,15,202,"Strategic Command, Technology, and Multi-Domain Warfare",Artillery and Missile Capability Integration,G2
2023,doc_AY2023_185_para_3129_21901.txt,2,111,"Strategic Command, Technology, and Multi-Domain Warfare",Headquarters Operations and Integration,G2
2023,doc_AY2023_185_para_3129_21902.txt,15,128,"Strategic Command, Technology, and Multi-Domain Warfare",Artillery and Missile Capability Integration,G2
2023,doc_AY2023_185_para_3129_21903.txt,2,206,"Strategic Command, Technology, and Multi-Domain Warfare",Headquarters Operations and Integration,G2
2023,doc_AY2023_185_para_3129_21904.txt,7,167,"Strategic Command, Technology, and Multi-Domain Warfare",Multi-Domain Operations Concepts,G2
2023,doc_AY2023_185_para_3129_21905.txt,15,222,"Strategic Command, Technology, and Multi-Domain Warfare",Artillery and Missile Capability Integration,G2
2023,doc_AY2023_185_para_3129_21906.txt,15,171,"Strategic Command, Technology, and Multi-Domain Warfare",Artillery and Missile Capability Integration,G2
2023,doc_AY2023_189_para_3133_21926.txt,6,124,Operational Readiness and Reserve Mobilization,Unit Training and Readiness Cycle,G1
2023,doc_AY2023_189_para_3133_21927.txt,6,144,Operational Readiness and Reserve Mobilization,Unit Training and Readiness Cycle,G1
2023,doc_AY2023_189_para_3133_21928.txt,6,95,Operational Readiness and Reserve Mobilization,Unit Training and Readiness Cycle,G1
2023,doc_AY2023_190_para_3134_21930.txt,1,236,"Strategic Command, Technology, and Multi-Domain Warfare",Unmanned Aerial Systems and Aviation Tech,G2
2023,doc_AY2023_190_para_3134_21931.txt,1,215,"Strategic Command, Technology, and Multi-Domain Warfare",Unmanned Aerial Systems and Aviation Tech,G2
2023,doc_AY2023_190_para_3134_21933.txt,19,161,Operational Readiness and Reserve Mobilization,Sustainment and Modernization Efforts,G1
2023,doc_AY2023_195_para_3139_21968.txt,5,142,"Strategic Command, Technology, and Multi-Domain Warfare",Defense Logistics and Enterprise Management,G2
2023,doc_AY2023_199_para_3140_21976.txt,11,128,"Strategic Command, Technology, and Multi-Domain Warfare",Domain Warfare and Artillery Operations,G2
2023,doc_AY2023_199_para_3140_21977.txt,2,230,"Strategic Command, Technology, and Multi-Domain Warfare",Headquarters Operations and Integration,G2
2023,doc_AY2023_199_para_3140_21978.txt,7,218,"Strategic Command, Technology, and Multi-Domain Warfare",Multi-Domain Operations Concepts,G2
2023,doc_AY2023_199_para_3140_21980.txt,2,103,"Strategic Command, Technology, and Multi-Domain Warfare",Headquarters Operations and Integration,G2
2023,doc_AY2023_199_para_3140_21981.txt,13,109,Operational Readiness and Reserve Mobilization,Brigade Combat Team Readiness,G1
2023,doc_AY2023_205_para_3145_22008.txt,1,128,"Strategic Command, Technology, and Multi-Domain Warfare",Unmanned Aerial Systems and Aviation Tech,G2
2023,doc_AY2023_205_para_3145_22009.txt,1,230,"Strategic Command, Technology, and Multi-Domain Warfare",Unmanned Aerial Systems and Aviation Tech,G2
2023,doc_AY2023_205_para_3145_22010.txt,1,87,"Strategic Command, Technology, and Multi-Domain Warfare",Unmanned Aerial Systems and Aviation Tech,G2
2023,doc_AY2023_205_para_3145_22011.txt,1,229,"Strategic Command, Technology, and Multi-Domain Warfare",Unmanned Aerial Systems and Aviation Tech,G2
2023,doc_AY2023_205_para_3145_22013.txt,1,165,"Strategic Command, Technology, and Multi-Domain Warfare",Unmanned Aerial Systems and Aviation Tech,G2
2023,doc_AY2023_209_para_3149_22038.txt,0,146,"Strategic Command, Technology, and Multi-Domain Warfare",Command Philosophy and Leadership Doctrine,G2
2023,doc_AY2023_214_para_3154_22081.txt,0,137,"Strategic Command, Technology, and Multi-Domain Warfare",Command Philosophy and Leadership Doctrine,G2
2023,doc_AY2023_225_para_3165_22150.txt,11,120,"Strategic Command, Technology, and Multi-Domain Warfare",Domain Warfare and Artillery Operations,G2
2023,doc_AY2023_225_para_3165_22151.txt,2,246,"Strategic Command, Technology, and Multi-Domain Warfare",Headquarters Operations and Integration,G2
2023,doc_AY2023_225_para_3165_22152.txt,0,134,"Strategic Command, Technology, and Multi-Domain Warfare",Command Philosophy and Leadership Doctrine,G2
2023,doc_AY2023_225_para_3165_22155.txt,11,182,"Strategic Command, Technology, and Multi-Domain Warfare",Domain Warfare and Artillery Operations,G2
2023,doc_AY2023_225_para_3165_22157.txt,2,147,"Strategic Command, Technology, and Multi-Domain Warfare",Headquarters Operations and Integration,G2
2023,doc_AY2023_225_para_3165_22159.txt,7,157,"Strategic Command, Technology, and Multi-Domain Warfare",Multi-Domain Operations Concepts,G2
2023,doc_AY2023_225_para_3165_22160.txt,2,184,"Strategic Command, Technology, and Multi-Domain Warfare",Headquarters Operations and Integration,G2
2023,doc_AY2023_225_para_3165_22161.txt,7,107,"Strategic Command, Technology, and Multi-Domain Warfare",Multi-Domain Operations Concepts,G2
2023,doc_AY2023_227_para_3167_22170.txt,10,180,Operational Readiness and Reserve Mobilization,Army Reserve and Active Component Integration,G1
2023,doc_AY2023_227_para_3167_22171.txt,2,154,"Strategic Command, Technology, and Multi-Domain Warfare",Headquarters Operations and Integration,G2
2023,doc_AY2023_227_para_3167_22172.txt,2,148,"Strategic Command, Technology, and Multi-Domain Warfare",Headquarters Operations and Integration,G2
2023,doc_AY2023_227_para_3167_22173.txt,2,81,"Strategic Command, Technology, and Multi-Domain Warfare",Headquarters Operations and Integration,G2
2023,doc_AY2023_233_para_3173_22217.txt,-1,128,Outlier,Outliers,G0
2023,doc_AY2023_233_para_3173_22218.txt,8,235,"Strategic Command, Technology, and Multi-Domain Warfare",Additive Manufacturing Technologies,G2
2023,doc_AY2023_233_para_3173_22219.txt,8,187,"Strategic Command, Technology, and Multi-Domain Warfare",Additive Manufacturing Technologies,G2
2023,doc_AY2023_233_para_3173_22220.txt,8,237,"Strategic Command, Technology, and Multi-Domain Warfare",Additive Manufacturing Technologies,G2
2023,doc_AY2023_240_para_3180_22269.txt,6,108,Operational Readiness and Reserve Mobilization,Unit Training and Readiness Cycle,G1
2023,doc_AY2023_245_para_3185_22319.txt,7,237,"Strategic Command, Technology, and Multi-Domain Warfare",Multi-Domain Operations Concepts,G2
2023,doc_AY2023_246_para_3186_22325.txt,10,128,Operational Readiness and Reserve Mobilization,Army Reserve and Active Component Integration,G1
2023,doc_AY2023_246_para_3186_22326.txt,14,89,Operational Readiness and Reserve Mobilization,Operational Reserve Training and Mobilization,G1
2023,doc_AY2023_246_para_3186_22328.txt,16,127,Operational Readiness and Reserve Mobilization,Annual Training Requirements for Reserves,G1
2023,doc_AY2023_246_para_3186_22329.txt,20,127,Operational Readiness and Reserve Mobilization,Equipment Maintenance and Deployment Support,G1
2023,doc_AY2023_246_para_3186_22330.txt,16,91,Operational Readiness and Reserve Mobilization,Annual Training Requirements for Reserves,G1
2023,doc_AY2023_246_para_3186_22332.txt,6,65,Operational Readiness and Reserve Mobilization,Unit Training and Readiness Cycle,G1
2023,doc_AY2023_254_para_3194_22385.txt,7,36,"Strategic Command, Technology, and Multi-Domain Warfare",Multi-Domain Operations Concepts,G2
2023,doc_AY2023_257_para_3197_22402.txt,11,307,"Strategic Command, Technology, and Multi-Domain Warfare",Domain Warfare and Artillery Operations,G2
2023,doc_AY2023_257_para_3197_22405.txt,2,182,"Strategic Command, Technology, and Multi-Domain Warfare",Headquarters Operations and Integration,G2
2023,doc_AY2023_258_para_3198_22408.txt,16,210,Operational Readiness and Reserve Mobilization,Annual Training Requirements for Reserves,G1
2023,doc_AY2023_258_para_3198_22409.txt,0,81,"Strategic Command, Technology, and Multi-Domain Warfare",Command Philosophy and Leadership Doctrine,G2
2023,doc_AY2023_258_para_3198_22411.txt,20,117,Operational Readiness and Reserve Mobilization,Equipment Maintenance and Deployment Support,G1
2023,doc_AY2023_258_para_3198_22412.txt,12,88,Operational Readiness and Reserve Mobilization,Leadership Development and Combat Planning,G1
2023,doc_AY2023_258_para_3198_22413.txt,12,64,Operational Readiness and Reserve Mobilization,Leadership Development and Combat Planning,G1
2023,doc_AY2023_258_para_3198_22414.txt,12,85,Operational Readiness and Reserve Mobilization,Leadership Development and Combat Planning,G1
2023,doc_AY2023_261_para_3201_22434.txt,1,99,"Strategic Command, Technology, and Multi-Domain Warfare",Unmanned Aerial Systems and Aviation Tech,G2
2023,doc_AY2023_273_para_3212_22511.txt,1,89,"Strategic Command, Technology, and Multi-Domain Warfare",Unmanned Aerial Systems and Aviation Tech,G2
2023,doc_AY2023_273_para_3212_22512.txt,1,106,"Strategic Command, Technology, and Multi-Domain Warfare",Unmanned Aerial Systems and Aviation Tech,G2
2023,doc_AY2023_273_para_3212_22513.txt,1,97,"Strategic Command, Technology, and Multi-Domain Warfare",Unmanned Aerial Systems and Aviation Tech,G2
2023,doc_AY2023_273_para_3212_22514.txt,1,101,"Strategic Command, Technology, and Multi-Domain Warfare",Unmanned Aerial Systems and Aviation Tech,G2
2023,doc_AY2023_273_para_3212_22515.txt,1,85,"Strategic Command, Technology, and Multi-Domain Warfare",Unmanned Aerial Systems and Aviation Tech,G2
2023,doc_AY2023_273_para_3212_22516.txt,1,111,"Strategic Command, Technology, and Multi-Domain Warfare",Unmanned Aerial Systems and Aviation Tech,G2
2023,doc_AY2023_273_para_3212_22518.txt,1,117,"Strategic Command, Technology, and Multi-Domain Warfare",Unmanned Aerial Systems and Aviation Tech,G2
2024,doc_AY2024_006_para_3226_22624.txt,6,109,Operational Readiness and Reserve Mobilization,Unit Training and Readiness Cycle,G1
2024,doc_AY2024_014_para_3233_22666.txt,19,173,Operational Readiness and Reserve Mobilization,Sustainment and Modernization Efforts,G1
2024,doc_AY2024_014_para_3233_22667.txt,10,105,Operational Readiness and Reserve Mobilization,Army Reserve and Active Component Integration,G1
2024,doc_AY2024_014_para_3233_22668.txt,10,132,Operational Readiness and Reserve Mobilization,Army Reserve and Active Component Integration,G1
2024,doc_AY2024_018_para_3237_22701.txt,19,239,Operational Readiness and Reserve Mobilization,Sustainment and Modernization Efforts,G1
2024,doc_AY2024_020_para_3239_22712.txt,3,131,Operational Readiness and Reserve Mobilization,National Guard and Reserve Components,G1
2024,doc_AY2024_029_para_3248_22771.txt,1,173,"Strategic Command, Technology, and Multi-Domain Warfare",Unmanned Aerial Systems and Aviation Tech,G2
2024,doc_AY2024_029_para_3248_22772.txt,1,169,"Strategic Command, Technology, and Multi-Domain Warfare",Unmanned Aerial Systems and Aviation Tech,G2
2024,doc_AY2024_029_para_3248_22773.txt,1,171,"Strategic Command, Technology, and Multi-Domain Warfare",Unmanned Aerial Systems and Aviation Tech,G2
2024,doc_AY2024_029_para_3248_22775.txt,1,118,"Strategic Command, Technology, and Multi-Domain Warfare",Unmanned Aerial Systems and Aviation Tech,G2
2024,doc_AY2024_029_para_3248_22776.txt,1,78,"Strategic Command, Technology, and Multi-Domain Warfare",Unmanned Aerial Systems and Aviation Tech,G2
2024,doc_AY2024_029_para_3248_22777.txt,1,113,"Strategic Command, Technology, and Multi-Domain Warfare",Unmanned Aerial Systems and Aviation Tech,G2
2024,doc_AY2024_030_para_3249_22784.txt,0,81,"Strategic Command, Technology, and Multi-Domain Warfare",Command Philosophy and Leadership Doctrine,G2
2024,doc_AY2024_030_para_3249_22785.txt,13,108,Operational Readiness and Reserve Mobilization,Brigade Combat Team Readiness,G1
2024,doc_AY2024_034_para_3253_22803.txt,6,123,Operational Readiness and Reserve Mobilization,Unit Training and Readiness Cycle,G1
2024,doc_AY2024_034_para_3253_22804.txt,6,165,Operational Readiness and Reserve Mobilization,Unit Training and Readiness Cycle,G1
2024,doc_AY2024_034_para_3253_22805.txt,16,92,Operational Readiness and Reserve Mobilization,Annual Training Requirements for Reserves,G1
2024,doc_AY2024_034_para_3253_22806.txt,16,116,Operational Readiness and Reserve Mobilization,Annual Training Requirements for Reserves,G1
2024,doc_AY2024_034_para_3253_22807.txt,16,112,Operational Readiness and Reserve Mobilization,Annual Training Requirements for Reserves,G1
2024,doc_AY2024_034_para_3253_22808.txt,20,115,Operational Readiness and Reserve Mobilization,Equipment Maintenance and Deployment Support,G1
2024,doc_AY2024_034_para_3253_22809.txt,16,133,Operational Readiness and Reserve Mobilization,Annual Training Requirements for Reserves,G1
2024,doc_AY2024_045_para_3264_22868.txt,4,169,"Strategic Command, Technology, and Multi-Domain Warfare",Regional Alignment and Funding Support,G2
2024,doc_AY2024_050_para_3269_22895.txt,14,141,Operational Readiness and Reserve Mobilization,Operational Reserve Training and Mobilization,G1
2024,doc_AY2024_050_para_3269_22897.txt,14,227,Operational Readiness and Reserve Mobilization,Operational Reserve Training and Mobilization,G1
2024,doc_AY2024_050_para_3269_22898.txt,14,138,Operational Readiness and Reserve Mobilization,Operational Reserve Training and Mobilization,G1
2024,doc_AY2024_055_para_3273_22929.txt,5,110,"Strategic Command, Technology, and Multi-Domain Warfare",Defense Logistics and Enterprise Management,G2
2024,doc_AY2024_055_para_3273_22931.txt,20,56,Operational Readiness and Reserve Mobilization,Equipment Maintenance and Deployment Support,G1
2024,doc_AY2024_055_para_3273_22933.txt,5,75,"Strategic Command, Technology, and Multi-Domain Warfare",Defense Logistics and Enterprise Management,G2
2024,doc_AY2024_077_para_3295_23090.txt,20,103,Operational Readiness and Reserve Mobilization,Equipment Maintenance and Deployment Support,G1
2024,doc_AY2024_077_para_3295_23096.txt,20,127,Operational Readiness and Reserve Mobilization,Equipment Maintenance and Deployment Support,G1
2024,doc_AY2024_080_para_3298_23110.txt,14,186,Operational Readiness and Reserve Mobilization,Operational Reserve Training and Mobilization,G1
2024,doc_AY2024_080_para_3298_23111.txt,18,81,Operational Readiness and Reserve Mobilization,Reserve Support and Mobilization Duties,G1
2024,doc_AY2024_080_para_3298_23112.txt,20,98,Operational Readiness and Reserve Mobilization,Equipment Maintenance and Deployment Support,G1
2024,doc_AY2024_085_para_3303_23142.txt,15,98,"Strategic Command, Technology, and Multi-Domain Warfare",Artillery and Missile Capability Integration,G2
2024,doc_AY2024_099_para_3314_23217.txt,9,148,Operational Readiness and Reserve Mobilization,Mobilization Processes for Reserves,G1
2024,doc_AY2024_100_para_3315_23226.txt,1,117,"Strategic Command, Technology, and Multi-Domain Warfare",Unmanned Aerial Systems and Aviation Tech,G2
2024,doc_AY2024_100_para_3315_23227.txt,1,204,"Strategic Command, Technology, and Multi-Domain Warfare",Unmanned Aerial Systems and Aviation Tech,G2
2024,doc_AY2024_104_para_3319_23256.txt,0,129,"Strategic Command, Technology, and Multi-Domain Warfare",Command Philosophy and Leadership Doctrine,G2
2024,doc_AY2024_119_para_3334_23377.txt,18,139,Operational Readiness and Reserve Mobilization,Reserve Support and Mobilization Duties,G1
2024,doc_AY2024_119_para_3334_23378.txt,1,209,"Strategic Command, Technology, and Multi-Domain Warfare",Unmanned Aerial Systems and Aviation Tech,G2
2024,doc_AY2024_119_para_3334_23380.txt,1,158,"Strategic Command, Technology, and Multi-Domain Warfare",Unmanned Aerial Systems and Aviation Tech,G2
2024,doc_AY2024_120_para_3335_23382.txt,14,152,Operational Readiness and Reserve Mobilization,Operational Reserve Training and Mobilization,G1
2024,doc_AY2024_120_para_3335_23384.txt,4,113,"Strategic Command, Technology, and Multi-Domain Warfare",Regional Alignment and Funding Support,G2
2024,doc_AY2024_129_para_3344_23447.txt,1,184,"Strategic Command, Technology, and Multi-Domain Warfare",Unmanned Aerial Systems and Aviation Tech,G2
2024,doc_AY2024_133_para_3348_23477.txt,10,136,Operational Readiness and Reserve Mobilization,Army Reserve and Active Component Integration,G1
2024,doc_AY2024_133_para_3348_23480.txt,19,181,Operational Readiness and Reserve Mobilization,Sustainment and Modernization Efforts,G1
2024,doc_AY2024_133_para_3348_23481.txt,1,196,"Strategic Command, Technology, and Multi-Domain Warfare",Unmanned Aerial Systems and Aviation Tech,G2
2024,doc_AY2024_136_para_3351_23498.txt,8,126,"Strategic Command, Technology, and Multi-Domain Warfare",Additive Manufacturing Technologies,G2
2024,doc_AY2024_136_para_3351_23499.txt,8,95,"Strategic Command, Technology, and Multi-Domain Warfare",Additive Manufacturing Technologies,G2
2024,doc_AY2024_136_para_3351_23501.txt,-1,101,Outlier,Outliers,G0
2024,doc_AY2024_136_para_3351_23502.txt,8,83,"Strategic Command, Technology, and Multi-Domain Warfare",Additive Manufacturing Technologies,G2
2024,doc_AY2024_136_para_3351_23503.txt,8,88,"Strategic Command, Technology, and Multi-Domain Warfare",Additive Manufacturing Technologies,G2
2024,doc_AY2024_136_para_3351_23504.txt,8,139,"Strategic Command, Technology, and Multi-Domain Warfare",Additive Manufacturing Technologies,G2
2024,doc_AY2024_136_para_3351_23505.txt,8,74,"Strategic Command, Technology, and Multi-Domain Warfare",Additive Manufacturing Technologies,G2
2024,doc_AY2024_136_para_3351_23506.txt,8,103,"Strategic Command, Technology, and Multi-Domain Warfare",Additive Manufacturing Technologies,G2
2024,doc_AY2024_141_para_3356_23541.txt,20,178,Operational Readiness and Reserve Mobilization,Equipment Maintenance and Deployment Support,G1
2024,doc_AY2024_142_para_3357_23546.txt,6,171,Operational Readiness and Reserve Mobilization,Unit Training and Readiness Cycle,G1
2024,doc_AY2024_142_para_3357_23547.txt,6,122,Operational Readiness and Reserve Mobilization,Unit Training and Readiness Cycle,G1
2024,doc_AY2024_143_para_3358_23550.txt,0,170,"Strategic Command, Technology, and Multi-Domain Warfare",Command Philosophy and Leadership Doctrine,G2
2024,doc_AY2024_145_para_3360_23563.txt,5,245,"Strategic Command, Technology, and Multi-Domain Warfare",Defense Logistics and Enterprise Management,G2
2024,doc_AY2024_145_para_3360_23565.txt,-1,174,Outlier,Outliers,G0
2024,doc_AY2024_146_para_3361_23569.txt,0,100,"Strategic Command, Technology, and Multi-Domain Warfare",Command Philosophy and Leadership Doctrine,G2
2024,doc_AY2024_146_para_3361_23570.txt,0,134,"Strategic Command, Technology, and Multi-Domain Warfare",Command Philosophy and Leadership Doctrine,G2
2024,doc_AY2024_146_para_3361_23572.txt,0,81,"Strategic Command, Technology, and Multi-Domain Warfare",Command Philosophy and Leadership Doctrine,G2
2024,doc_AY2024_146_para_3361_23574.txt,0,202,"Strategic Command, Technology, and Multi-Domain Warfare",Command Philosophy and Leadership Doctrine,G2
2024,doc_AY2024_146_para_3361_23575.txt,0,129,"Strategic Command, Technology, and Multi-Domain Warfare",Command Philosophy and Leadership Doctrine,G2
2024,doc_AY2024_152_para_3367_23612.txt,15,87,"Strategic Command, Technology, and Multi-Domain Warfare",Artillery and Missile Capability Integration,G2
2024,doc_AY2024_158_para_3373_23649.txt,2,90,"Strategic Command, Technology, and Multi-Domain Warfare",Headquarters Operations and Integration,G2
2024,doc_AY2024_158_para_3373_23650.txt,2,84,"Strategic Command, Technology, and Multi-Domain Warfare",Headquarters Operations and Integration,G2
2024,doc_AY2024_158_para_3373_23651.txt,2,138,"Strategic Command, Technology, and Multi-Domain Warfare",Headquarters Operations and Integration,G2
2024,doc_AY2024_165_para_3380_23694.txt,0,112,"Strategic Command, Technology, and Multi-Domain Warfare",Command Philosophy and Leadership Doctrine,G2
2024,doc_AY2024_165_para_3380_23695.txt,0,120,"Strategic Command, Technology, and Multi-Domain Warfare",Command Philosophy and Leadership Doctrine,G2
2024,doc_AY2024_165_para_3380_23698.txt,0,72,"Strategic Command, Technology, and Multi-Domain Warfare",Command Philosophy and Leadership Doctrine,G2
2024,doc_AY2024_165_para_3380_23701.txt,0,87,"Strategic Command, Technology, and Multi-Domain Warfare",Command Philosophy and Leadership Doctrine,G2
2024,doc_AY2024_173_para_3388_23748.txt,11,109,"Strategic Command, Technology, and Multi-Domain Warfare",Domain Warfare and Artillery Operations,G2
2024,doc_AY2024_173_para_3388_23749.txt,7,82,"Strategic Command, Technology, and Multi-Domain Warfare",Multi-Domain Operations Concepts,G2
2024,doc_AY2024_173_para_3388_23753.txt,2,133,"Strategic Command, Technology, and Multi-Domain Warfare",Headquarters Operations and Integration,G2
2024,doc_AY2024_173_para_3388_23754.txt,7,113,"Strategic Command, Technology, and Multi-Domain Warfare",Multi-Domain Operations Concepts,G2
2024,doc_AY2024_173_para_3388_23755.txt,7,108,"Strategic Command, Technology, and Multi-Domain Warfare",Multi-Domain Operations Concepts,G2
2024,doc_AY2024_175_para_3390_23764.txt,0,111,"Strategic Command, Technology, and Multi-Domain Warfare",Command Philosophy and Leadership Doctrine,G2
2024,doc_AY2024_175_para_3390_23767.txt,0,155,"Strategic Command, Technology, and Multi-Domain Warfare",Command Philosophy and Leadership Doctrine,G2
2024,doc_AY2024_175_para_3390_23770.txt,0,116,"Strategic Command, Technology, and Multi-Domain Warfare",Command Philosophy and Leadership Doctrine,G2
2024,doc_AY2024_182_para_3395_23801.txt,9,65,Operational Readiness and Reserve Mobilization,Mobilization Processes for Reserves,G1
2024,doc_AY2024_192_para_3405_23871.txt,7,97,"Strategic Command, Technology, and Multi-Domain Warfare",Multi-Domain Operations Concepts,G2
2024,doc_AY2024_194_para_3407_23893.txt,1,207,"Strategic Command, Technology, and Multi-Domain Warfare",Unmanned Aerial Systems and Aviation Tech,G2
2024,doc_AY2024_206_para_3419_23973.txt,1,141,"Strategic Command, Technology, and Multi-Domain Warfare",Unmanned Aerial Systems and Aviation Tech,G2
2024,doc_AY2024_206_para_3419_23974.txt,1,234,"Strategic Command, Technology, and Multi-Domain Warfare",Unmanned Aerial Systems and Aviation Tech,G2
2024,doc_AY2024_206_para_3419_23975.txt,1,253,"Strategic Command, Technology, and Multi-Domain Warfare",Unmanned Aerial Systems and Aviation Tech,G2
2024,doc_AY2024_206_para_3419_23976.txt,1,255,"Strategic Command, Technology, and Multi-Domain Warfare",Unmanned Aerial Systems and Aviation Tech,G2
2024,doc_AY2024_207_para_3420_23983.txt,5,237,"Strategic Command, Technology, and Multi-Domain Warfare",Defense Logistics and Enterprise Management,G2
2024,doc_AY2024_209_para_3422_23990.txt,0,116,"Strategic Command, Technology, and Multi-Domain Warfare",Command Philosophy and Leadership Doctrine,G2
2024,doc_AY2024_213_para_3426_24019.txt,9,201,Operational Readiness and Reserve Mobilization,Mobilization Processes for Reserves,G1
2024,doc_AY2024_214_para_3427_24025.txt,3,187,Operational Readiness and Reserve Mobilization,National Guard and Reserve Components,G1
2024,doc_AY2024_214_para_3427_24030.txt,3,134,Operational Readiness and Reserve Mobilization,National Guard and Reserve Components,G1
2024,doc_AY2024_218_para_3431_24076.txt,14,108,Operational Readiness and Reserve Mobilization,Operational Reserve Training and Mobilization,G1
2024,doc_AY2024_218_para_3431_24079.txt,12,94,Operational Readiness and Reserve Mobilization,Leadership Development and Combat Planning,G1
2024,doc_AY2024_218_para_3431_24080.txt,18,94,Operational Readiness and Reserve Mobilization,Reserve Support and Mobilization Duties,G1
2024,doc_AY2024_223_para_3435_24105.txt,3,102,Operational Readiness and Reserve Mobilization,National Guard and Reserve Components,G1
